img_link,title,types,visitor,comment,likes
"https://img.zcool.cn/community/0311wvfbp6glkirhhg65x0j3335.png?x-oss-process=image/resize,m_fill,w_520,h_390,limit_0/auto-orient,1/sharpen,100",éœ¹é›³ç«¥å­ã€é™†ã€‘,æ’ç”»-æ–°é”æ½®æµæ’ç”»,1498 Populary,12 Comments,137 Recommended
"https://img.zcool.cn/community/031x8ajnj7ysdmqsgnlrmcl3035.png?x-oss-process=image/resize,m_fill,w_520,h_390,limit_0/auto-orient,1/sharpen,100",ç‰›æ¥ æ¥  é¦™æ¸¯ç‰›è…©å…¬å¸,å¹³é¢-å“ç‰Œ,2783 Populary,9 Comments,117 Recommended
https://img.zcool.cn//community/special_cover/87ce62a86d5f0002d71efa160fad.jpg,ä¸€å¹´ä¸€åº¦è®¾è®¡å¸ˆåˆ›æ„æŒ‡å— - ç«™é…·(ZCOOL) ç‰¹åˆ«ç­–åˆ’,ä¸“é¢˜-ä¸“é¢˜ç­–åˆ’,å…±4195äººæ°”,,
"https://img.zcool.cn/community/031rqpna4stplju94lwmkdr3531.png?x-oss-process=image/resize,m_fill,w_520,h_390,limit_0/auto-orient,1/sharpen,100",è¯¦æƒ…é¡µ,ç½‘é¡µ-ç”µå•†,3385 Populary,57 Comments,147 Recommended
,,,,,
"https://img.zcool.cn/community/017afb62bab2a80002c45e37617d23.jpg?x-oss-process=image/resize,m_fill,w_520,h_390,limit_0/auto-orient,1/sharpen,100",ç«å½±å¿è€…-å¤§å†’é™©å¹»æƒ³æ›²,ä¸‰ç»´-äººç‰©/ç”Ÿç‰©,3584 Populary,27 Comments,189 Recommended
"https://img.zcool.cn/community/031djxfefiacf3c3sjrspaq3836.png?x-oss-process=image/resize,m_fill,w_520,h_390,limit_0/auto-orient,1/sharpen,100",æœˆæ¡‚æ®¿Â·å¾€äº‹ä¹‹ç¯‡,æ’ç”»-è‰ºæœ¯æ’ç”»,3204 Populary,6 Comments,206 Recommended
"https://img.zcool.cn/community/031wgdcdacjaygybtlbzg5p3532.png?x-oss-process=image/resize,m_fill,w_520,h_390,limit_0/auto-orient,1/sharpen,100",uovofriendsèŠå£«äººæ½®ç©å¤§å¨ƒ,å·¥ä¸š/äº§å“-ç©å…·,2878 Populary,5 Comments,68 Recommended
"https://img.zcool.cn/community/031kymnhbukq2xai1rhhg1d3036.png?x-oss-process=image/resize,m_fill,w_520,h_390,limit_0/auto-orient,1/sharpen,100",å°å‰å¹•åï½œ2022æ˜¥å­£é£ä¹¦æœªæ¥æ— é™å¤§ä¼š,æ•™ç¨‹-å¤šé¢†åŸŸ,7439 Populary,12 Comments,187 Recommended
"https://img.zcool.cn/community/031ofssfpyqbnl8jzbor1kk3434.png?x-oss-process=image/resize,m_fill,w_520,h_390,limit_0/auto-orient,1/sharpen,100",ã€ŠUIè®¾è®¡é‚£äº›äº‹å„¿ã€‹è¯»ä¹¦åˆ†äº«ä¸¨ä¸€æœ¬è¶…å®ç”¨çš„è®¾è®¡å·¥å…·ä¹¦,ä¹¦ç±-UI,3083 Populary,7 Comments,52 Recommended
"https://img.zcool.cn/community/031y2fuy3l8h0fuxrhf1saa3738.png?x-oss-process=image/resize,m_fill,w_520,h_390,limit_0/auto-orient,1/sharpen,100",ç”µå•†è¯¦æƒ…é¡µï½œå…¨æ¡ˆè§†è§‰ âœ– 4,ç½‘é¡µ-ç”µå•†,6440 Populary,22 Comments,101 Recommended
"https://img.zcool.cn/community/031dhssncubj5owoapa3uu73532.png?x-oss-process=image/resize,m_fill,w_520,h_390,limit_0/auto-orient,1/sharpen,100",å¤§å”è¯´æˆ‘å¹¶ä¸æ˜¯ä¸€æ— æ‰€æœ‰ï¼Œæˆ‘è¿˜æœ‰è„¸è¿‡ç”Ÿæ—¥,ä¸‰ç»´-åŠ¨ç”»/å½±è§†,3063 Populary,7 Comments,68 Recommended
"https://img.zcool.cn/community/031xeyv2ws2mvtu4vqvxe1p3732.png?x-oss-process=image/resize,m_fill,w_520,h_390,limit_0/auto-orient,1/sharpen,100",ç«™é…·16å‘¨å¹´-å»å¾€ZWORLD,å¹³é¢-æµ·æŠ¥,5328 Populary,25 Comments,202 Recommended
"https://img.zcool.cn/community/031iepzbayq1jdq6i2ta3ap3236.png?x-oss-process=image/resize,m_fill,w_520,h_390,limit_0/auto-orient,1/sharpen,100",ã€å¬è§Â·å›½ä¹ã€‘-å³¡è°·ä¸­çš„äº”éŸ³ä¸‡è±¡,å¹³é¢-æµ·æŠ¥,5232 Populary,12 Comments,196 Recommended
"https://img.zcool.cn/community/031122a62ba00740002c45e370178f0.jpg?x-oss-process=image/resize,m_fill,w_520,h_390,limit_0/auto-orient,1/sharpen,100",å°ä¸‘é¥¼å¹²,å¹³é¢-IPå½¢è±¡,1604 Populary,2 Comments,51 Recommended
"https://img.zcool.cn/community/031idv8p4sxwmji3kaxc00j3536.png?x-oss-process=image/resize,m_fill,w_520,h_390,limit_0/auto-orient,1/sharpen,100",è´°å©¶æ‰‹å†™--å¥‡å¦™çš„ä¸­å›½æ±‰å­—ã€ç©å­—ã€‘,å¹³é¢-å­—ä½“/å­—å½¢,2351 Populary,4 Comments,33 Recommended
"https://img.zcool.cn/community/031vaxetivguwiilqfsydb13238.png?x-oss-process=image/resize,m_fill,w_520,h_390,limit_0/auto-orient,1/sharpen,100",Darkeyes Team Â· æ½®ç©è®¾å®š,ä¸‰ç»´-å…¶ä»–ä¸‰ç»´,2340 Populary,12 Comments,116 Recommended
"https://img.zcool.cn/community/031qqvkce7eeuabr6ebibgm3638.png?x-oss-process=image/resize,m_fill,w_520,h_390,limit_0/auto-orient,1/sharpen,100",å¿«æ‰‹ | 616å®åœ¨å°±æ˜¯å¥½+è¶…çº§å“ç‰Œæ—¥ç³»åˆ—æµ·æŠ¥,ä¸‰ç»´-å…¶ä»–ä¸‰ç»´,1.2w Populary,24 Comments,761 Recommended
"https://img.zcool.cn/community/0316qurrauarcy1z7qaqxgu3630.png?x-oss-process=image/resize,m_fill,w_520,h_390,limit_0/auto-orient,1/sharpen,100",ç¾æœ¯å­—ï½œåäºŒç”Ÿè‚–,å¹³é¢-å­—ä½“/å­—å½¢,2701 Populary,9 Comments,82 Recommended
"https://img.zcool.cn/community/031vqeivrjijllwphvoxb113737.png?x-oss-process=image/resize,m_fill,w_520,h_390,limit_0/auto-orient,1/sharpen,100",ç†æ‰€è®¾è®¡ X ä¸€æ —Â·é²œæ´»æ —å…¬å¸,å¹³é¢-å“ç‰Œ,7064 Populary,19 Comments,286 Recommended
"https://img.zcool.cn/community/031h6crq6js5r3wgka5kwkx3133.png?x-oss-process=image/resize,m_fill,w_520,h_390,limit_0/auto-orient,1/sharpen,100",é¢è†œåŒ…è£…è®¾è®¡,å¹³é¢-åŒ…è£…,4102 Populary,8 Comments,72 Recommended
"https://img.zcool.cn/community/031jcgbbe9lxclswkoeg9bj3031.png?x-oss-process=image/resize,m_fill,w_520,h_390,limit_0/auto-orient,1/sharpen,100",ã€ŠæµçŸ¥å·ã€‹å¤æ‘è½æ–‡åˆ›å›­,å¹³é¢-å“ç‰Œ,5485 Populary,19 Comments,314 Recommended
"https://img.zcool.cn/community/031upkarbtrhcp9cqii28lk3439.png?x-oss-process=image/resize,m_fill,w_520,h_390,limit_0/auto-orient,1/sharpen,100",å–œé¹ŠXæ‘©é£ | 700å¹´å¤§è‹±è—å“ï¼Œå–œé¹Šä¸ºå•¥è¯´æ”¹å°±æ”¹äº†ï¼Ÿ,å¹³é¢-åŒ…è£…,4087 Populary,11 Comments,114 Recommended
"https://img.zcool.cn/community/031xqmcllclkjor6c2wk8gm3238.png?x-oss-process=image/resize,m_fill,w_520,h_390,limit_0/auto-orient,1/sharpen,100",LOGO,å¹³é¢-Logo,3534 Populary,22 Comments,135 Recommended
"https://img.zcool.cn/community/031wmnoresw65tnimsmbiba3435.png?x-oss-process=image/resize,m_fill,w_520,h_390,limit_0/auto-orient,1/sharpen,100",æ±¤è‡£æ°é€Š X ç§˜å¯†æ­¦å™¨ï½œå“ç‰Œè¶…çº§ä½“ç³»,ç½‘é¡µ-ç”µå•†,8738 Populary,26 Comments,169 Recommended
"https://img.zcool.cn/community/01cdab62b982530002c45e373475ac.jpg?x-oss-process=image/resize,m_fill,w_520,h_390,limit_0/auto-orient,1/sharpen,100",æ¯ä¸ªæ¸…æ™¨ï¼Œéƒ½ä¼šé—®è‡ªå·±â€œæˆ‘çœŸçš„éœ€è¦è¿™ä»½å·¥ä½œå—ï¼Ÿâ€,åŠ¨æ¼«-çŸ­ç¯‡/æ ¼æ¼«,1.4w Populary,133 Comments,414 Recommended
"https://img.zcool.cn/community/031hoaoxchyfebth3yew2up3439.png?x-oss-process=image/resize,m_fill,w_520,h_390,limit_0/auto-orient,1/sharpen,100",Sleeping Beauty å…‹è‹é²å°‘å¥³ - èµ¤æ½®&ç£·å…‰&è“å¤œ,å·¥ä¸š/äº§å“-ç©å…·,3680 Populary,16 Comments,160 Recommended
"https://img.zcool.cn/community/031xblvgs95svvqorni7wyh3033.png?x-oss-process=image/resize,m_fill,w_520,h_390,limit_0/auto-orient,1/sharpen,100",2022å¹´ç»ˆè¿°èŒ/ä½œå“æ•´ç†,UI-APPç•Œé¢,1.2w Populary,57 Comments,498 Recommended
"https://img.zcool.cn/community/031dlwvyc5q72yfgugw4fjw3536.png?x-oss-process=image/resize,m_fill,w_520,h_390,limit_0/auto-orient,1/sharpen,100",éš¾æ€ªé¢è¯•å¤§å‚æ²¡ä¸‹æ–‡ï¼ŒåŸæ¥é¢è¯•å®˜æœ€åœ¨æ„çš„æ˜¯è¿™6ç‚¹ï¼,è§‚ç‚¹-å¤šé¢†åŸŸ,4913 Populary,17 Comments,91 Recommended
"https://img.zcool.cn/community/031hg9azwcdjrnu3dvbm2wf3731.png?x-oss-process=image/resize,m_fill,w_520,h_390,limit_0/auto-orient,1/sharpen,100",å›¾å½¢å·®ç‚¹æ„æ€ï¼Ÿè¿™ä¸ªæ–¹æ³•ä¸€å­¦å°±ä¼šï¼,æ•™ç¨‹-å¤šé¢†åŸŸ,7118 Populary,11 Comments,375 Recommended
"https://img.zcool.cn/community/031a4ecxeoj5pb01gfvlbg53239.png?x-oss-process=image/resize,m_fill,w_520,h_390,limit_0/auto-orient,1/sharpen,100",ä¸€ç™¾ç§ç”Ÿæ´»-V1,ä¸‰ç»´-åŠ¨ç”»/å½±è§†,4214 Populary,22 Comments,226 Recommended
"https://img.zcool.cn/community/031fsj3tkloulbdkh2umbyv3837.png?x-oss-process=image/resize,m_fill,w_520,h_390,limit_0/auto-orient,1/sharpen,100",Mclaren Elva -  CGI,ä¸‰ç»´-æœºæ¢°/äº¤é€š,5516 Populary,32 Comments,357 Recommended
"https://img.zcool.cn/community/031qdbglxyboxjebitblwjg3237.png?x-oss-process=image/resize,m_fill,w_520,h_390,limit_0/auto-orient,1/sharpen,100",æ•¦ç…Œå¢ƒ+èƒ–è„¸å‰ç¥¥2022å¹´ç¬¬2å­£åº¦æ€»ç»“,æ’ç”»-è‰ºæœ¯æ’ç”»,4346 Populary,8 Comments,150 Recommended
"https://img.zcool.cn/community/0317s9w0qzuqwd90krmfigq3530.png?x-oss-process=image/resize,m_fill,w_520,h_390,limit_0/auto-orient,1/sharpen,100",ç®€å•3æ­¥ç”»å‡ºçœŸå®æ²¹ç”»ç¬”è§¦åšåº¦è´¨æ„Ÿ-é™„ä½œå“,æ’ç”»-åˆ›ä½œä¹ ä½œ,8090 Populary,37 Comments,484 Recommended
"https://img.zcool.cn/community/031p0rr5jr3lcilxqmihxen3137.png?x-oss-process=image/resize,m_fill,w_520,h_390,limit_0/auto-orient,1/sharpen,100",æ½®æµæ‰‹åŠâ€”â€”å¤å¤éª‘å£«Berry,å·¥ä¸š/äº§å“-ç©å…·,4596 Populary,30 Comments,251 Recommended
"https://img.zcool.cn/community/0313a5jwcisdvyehasifzsk3836.png?x-oss-process=image/resize,m_fill,w_520,h_390,limit_0/auto-orient,1/sharpen,100",æˆ˜æ–—å¤©ä½¿ / æ¯”äºšè¿ªæ±½è½¦ä¸»é¢˜è®¾è®¡,UI-ä¸»é¢˜/çš®è‚¤,4937 Populary,26 Comments,142 Recommended
"https://img.zcool.cn/community/031hbtdualu9cf4duipanmo3135.png?x-oss-process=image/resize,m_fill,w_520,h_390,limit_0/auto-orient,1/sharpen,100",åŸè§†ä¸­å›½ | å¹¿å·&æ·±åœ³,æ‘„å½±-é£å…‰æ‘„å½±,5411 Populary,13 Comments,201 Recommended
"https://img.zcool.cn/community/031ilairvmbphhxmt1fyj163731.png?x-oss-process=image/resize,m_fill,w_520,h_390,limit_0/auto-orient,1/sharpen,100",é¡¹ç›®æ€»ç»“|åŒé¢ç©å®¶è”åç³»åˆ—çº¿,ç½‘é¡µ-ç”µå•†,1.5w Populary,13 Comments,246 Recommended
"https://img.zcool.cn/community/01d97462b93ad10002c313f72161d1.jpg?x-oss-process=image/resize,m_fill,w_520,h_390,limit_0/auto-orient,1/sharpen,100",ã€gifå°åŠ¨ç”»ã€‘2022ç¬¬äºŒå­£åº¦.å¤å­£ç¯‡,æ’ç”»-å•†ä¸šæ’ç”»,5002 Populary,28 Comments,378 Recommended
,,,,,
"https://img.zcool.cn/community/031osslhak2oixxchn4nvgb3132.png?x-oss-process=image/resize,m_fill,w_520,h_390,limit_0/auto-orient,1/sharpen,100",ç¥ä»™æ‰“æ¶ï¼è¿™å±Šæ¯•è®¾è®©æ¬ç –3å¹´çš„æˆ‘æ…Œäº†ï¼ï¼ï¼ï¼,èµ„è®¯-å…¶ä»–,1.1w Populary,25 Comments,79 Recommended
"https://img.zcool.cn/community/031h6m0kjl8gzbplgnovll93239.png?x-oss-process=image/resize,m_fill,w_520,h_390,limit_0/auto-orient,1/sharpen,100",ã€Šå¯èƒ½æœ‰æ¢¦ã€‹-æŸ¥å°”æ–¯Â·åšè’™ç‰¹çŸ­ç¯‡å°è¯´é€‰æ’ç”»é›†,æ’ç”»-å•†ä¸šæ’ç”»,2474 Populary,12 Comments,92 Recommended
"https://img.zcool.cn/community/031xxeabfp6unvphrlvhvjq3138.png?x-oss-process=image/resize,m_fill,w_520,h_390,limit_0/auto-orient,1/sharpen,100",Xiaomi 11T & Xiaomi 11T Pro å†…éƒ¨ç»“æ„åŠæ°›åœæ¸²æŸ“åœ–,ä¸‰ç»´-äº§å“,3897 Populary,5 Comments,188 Recommended
"https://img.zcool.cn/community/031pdxc3qsjgb0xcphls6e43935.png?x-oss-process=image/resize,m_fill,w_520,h_390,limit_0/auto-orient,1/sharpen,100",è‡­å®å„¿èºè›³ç²‰Â·å®æ‹åŠ¨ç”»ã€Šè‡­å®ä½ å¾ˆå¯¹æˆ‘çš„å‘³ã€‹,å½±è§†-å®£ä¼ ç‰‡,5936 Populary,11 Comments,100 Recommended
,,,,,
"https://img.zcool.cn/community/031g1ju7nonwlxxnyrc6wgy3437.png?x-oss-process=image/resize,m_fill,w_520,h_390,limit_0/auto-orient,1/sharpen,100",è®¾è®¡ä¸»ç®¡æŠ€èƒ½æ€»ç»“ï¼Œè°·æ­ŒXå®éªŒå®¤è´Ÿè´£äººæ‰¹åˆ¤è®¾è®¡æ€ç»´ï¼Œè°·æ­Œæœç´¢çš„æ¶ˆäº¡â€”â€”ç¡…è°·è®¾è®¡æ‚è°ˆ,èµ„è®¯-å¤šé¢†åŸŸ,3240 Populary,6 Comments,50 Recommended
"https://img.zcool.cn/community/031svk0k13d6i2ldfeibqgm3639.png?x-oss-process=image/resize,m_fill,w_520,h_390,limit_0/auto-orient,1/sharpen,100",çˆ±æ­»æœº3ã€Šè™«ç¾¤ã€‹ç¯å¢ƒæ¦‚å¿µè®¾è®¡,å½±è§†-è®¾å®š/åˆ†é•œ,8189 Populary,19 Comments,431 Recommended
"https://img.zcool.cn/community/031e4gebyqwsfy8fxgnw8cb3233.png?x-oss-process=image/resize,m_fill,w_520,h_390,limit_0/auto-orient,1/sharpen,100",åŸåˆ›IPã€ŠTwin Soul-åŒç”Ÿçµã€‹â€”è¡¨é¢æœ´å®ï¼Œçµé­‚å´å¼ºå¤§,ä¸‰ç»´-äººç‰©/ç”Ÿç‰©,6669 Populary,69 Comments,348 Recommended
"https://img.zcool.cn/community/031h30my3tetjgr7ykkgarl3535.png?x-oss-process=image/resize,m_fill,w_520,h_390,limit_0/auto-orient,1/sharpen,100",Zä¸–ä»£å°‘å¹´-å¡é€šè§’è‰²é£æ ¼åŒ–è®¾è®¡,ä¸‰ç»´-äººç‰©/ç”Ÿç‰©,4505 Populary,37 Comments,258 Recommended
"https://img.zcool.cn/community/014ef462b94c950002c313f717f43e.jpg?x-oss-process=image/resize,m_fill,w_520,h_390,limit_0/auto-orient,1/sharpen,100",ã€Œ2022.ä¸ŠåŠå¹´ã€--- å®¶å…·è®¾è®¡ä½œå“é€‰é›†,å·¥ä¸š/äº§å“-ç”Ÿæ´»ç”¨å“,4183 Populary,10 Comments,74 Recommended
"https://img.zcool.cn/community/031twiuwvo738rhusjwv20e3736.png?x-oss-process=image/resize,m_fill,w_520,h_390,limit_0/auto-orient,1/sharpen,100",Octane å¦‚ä½•&quot;ä¼˜é›…&quot;çš„å®ç°ç»ç’ƒç„¦æ•£ï¼Ÿ,æ•™ç¨‹-å¤šé¢†åŸŸ,1.0w Populary,23 Comments,371 Recommended
https://img.zcool.cn//community/special_cover/3abf62afdeae0002d71efa8fa6aa.jpg,è‡´å¦ä¸€ä¸ªæˆ‘ä»¬-IPæ½®ç©çº¿ä¸Šå±•,ä¸“é¢˜-ä¸“é¢˜ç­–åˆ’,å…±6855äººæ°”,,
"https://img.zcool.cn/community/031kj9aaeuihhtlg20wn8jf3032.png?x-oss-process=image/resize,m_fill,w_520,h_390,limit_0/auto-orient,1/sharpen,100",ç”µå•†äº§å“Cä½èšç„¦æ‰‹å†Œ,æ•™ç¨‹-ç½‘é¡µ,5455 Populary,9 Comments,207 Recommended
"https://img.zcool.cn/community/031rwvuiony2wpsnxggvyhw3634.png?x-oss-process=image/resize,m_fill,w_520,h_390,limit_0/auto-orient,1/sharpen,100",YOOT TOY/ REBEL ALBERT,å·¥ä¸š/äº§å“-ç©å…·,2190 Populary,6 Comments,55 Recommended
"https://img.zcool.cn/community/0311qcbtgkxx7y0ip1aeura3730.png?x-oss-process=image/resize,m_fill,w_520,h_390,limit_0/auto-orient,1/sharpen,100",2022â€”Q2 Product Rendering ,ä¸‰ç»´-äº§å“,8874 Populary,75 Comments,212 Recommended
"https://img.zcool.cn/community/0310ornfr99rkpmtwjvffo93637.png?x-oss-process=image/resize,m_fill,w_520,h_390,limit_0/auto-orient,1/sharpen,100",ç²¤æ¸¯æ¾³å¤§æ¹¾åŒºÂ·LIONé†’ç‹®ç³»åˆ—,å·¥ä¸š/äº§å“-ç©å…·,3929 Populary,16 Comments,189 Recommended
"https://img.zcool.cn/community/0312yzsmx6tidmnkqooat8j3636.png?x-oss-process=image/resize,m_fill,w_520,h_390,limit_0/auto-orient,1/sharpen,100",ğŸš¹ã®äººç‰©æ¢ç´¢,ä¸‰ç»´-äººç‰©/ç”Ÿç‰©,5347 Populary,36 Comments,100 Recommended
"https://img.zcool.cn/community/031xurtzwckibuxuvu1cpwx3837.png?x-oss-process=image/resize,m_fill,w_520,h_390,limit_0/auto-orient,1/sharpen,100",æ„æ€è®¾è®¡ä¸¨ZOOW æ‰‹æœºæ•£çƒ­èƒŒå¤¹,å·¥ä¸š/äº§å“-ç”µå­äº§å“,2702 Populary,17 Comments,92 Recommended
"https://img.zcool.cn/community/031yvkfa46stwy6p1v8w3tf3838.png?x-oss-process=image/resize,m_fill,w_520,h_390,limit_0/auto-orient,1/sharpen,100",å…‰å¹´çš„æ¢ç´¢è€…,ä¸‰ç»´-åœºæ™¯,5319 Populary,38 Comments,292 Recommended
"https://img.zcool.cn/community/031fmwuqidfvxb4dnpy4wla3437.png?x-oss-process=image/resize,m_fill,w_520,h_390,limit_0/auto-orient,1/sharpen,100",å¿«æ‰‹æ˜¥èŠ‚é¢„çƒ­ä¸»ä¼šåœº I Kuaishou 2022 CNY,ç½‘é¡µ-è¿è¥è®¾è®¡,4080 Populary,7 Comments,226 Recommended
"https://img.zcool.cn/community/031ukhlsjeshk32pm8lj6e13637.png?x-oss-process=image/resize,m_fill,w_520,h_390,limit_0/auto-orient,1/sharpen,100",ã€ŠèŠ±å„¿ä¸å°‘å¹´ã€‹2022èŠ‚ç›®æµ·æŠ¥,æ‘„å½±-äººåƒæ‘„å½±,8381 Populary,12 Comments,159 Recommended
"https://img.zcool.cn/community/031d8b55lsjdkkelmjqguop3331.png?x-oss-process=image/resize,m_fill,w_520,h_390,limit_0/auto-orient,1/sharpen,100",ç½‘çƒåœºï½œè‰²å½©ç¯‡,æ‘„å½±-äººåƒæ‘„å½±,5312 Populary,18 Comments,160 Recommended
"https://img.zcool.cn/community/031a816mjawdthurtgdfe6r3835.png?x-oss-process=image/resize,m_fill,w_520,h_390,limit_0/auto-orient,1/sharpen,100",æç®€é£æ ¼æ‘„å½±ç­‰äºæ„å›¾ç®€å•ï¼Ÿ99%çš„æ‘„å½±çˆ±å¥½è€…ç†è§£é”™å•¦,æ‘„å½±-é£å…‰æ‘„å½±,7404 Populary,7 Comments,188 Recommended
"https://img.zcool.cn/community/01297b62b853d60002c45e376deaff.jpg?x-oss-process=image/resize,m_fill,w_520,h_390,limit_0/auto-orient,1/sharpen,100",æ˜¥å¤ç§‹å†¬,æ’ç”»-å•†ä¸šæ’ç”»,9719 Populary,28 Comments,598 Recommended
"https://img.zcool.cn/community/01159462b84dee0002c45e3758f76d.jpg?x-oss-process=image/resize,m_fill,w_520,h_390,limit_0/auto-orient,1/sharpen,100",ã€å°å¦–å¼‚å½•03ã€‘ä¸€äº›é˜¶æ®µæ€§çš„æ¢ç´¢,æ’ç”»-è‰ºæœ¯æ’ç”»,6905 Populary,18 Comments,421 Recommended
"https://img.zcool.cn/community/031k76ermnmnrrfmcnrujdc3038.png?x-oss-process=image/resize,m_fill,w_520,h_390,limit_0/auto-orient,1/sharpen,100",æ—ç«‹ç³»åˆ—,æ’ç”»-è‰ºæœ¯æ’ç”»,4913 Populary,5 Comments,311 Recommended
"https://img.zcool.cn/community/031kaqqhjbemt1vpiyjpl8z3831.png?x-oss-process=image/resize,m_fill,w_520,h_390,limit_0/auto-orient,1/sharpen,100",visual design 022|è§†è§‰è®¾è®¡,å¹³é¢-å®£ä¼ ç‰©æ–™,4590 Populary,85 Comments,236 Recommended
"https://img.zcool.cn/community/031kpeqx5pw8yk0vhdrbrul3136.png?x-oss-process=image/resize,m_fill,w_520,h_390,limit_0/auto-orient,1/sharpen,100",Earphone Brand & Package - OLADANCE,å¹³é¢-åŒ…è£…,5729 Populary,23 Comments,150 Recommended
"https://img.zcool.cn/community/01d27b62b579020002c45e376981c7.jpg?x-oss-process=image/resize,m_fill,w_520,h_390,limit_0/auto-orient,1/sharpen,100",é›ªä½›å…°-æ˜Ÿé™…åˆ›ä¸–èˆªçº¿,å¹³é¢-IPå½¢è±¡,8051 Populary,79 Comments,363 Recommended
"https://img.zcool.cn/community/031g5gvdyxumyoatwh8ofc23037.png?x-oss-process=image/resize,m_fill,w_520,h_390,limit_0/auto-orient,1/sharpen,100",é…£å®¢é…±é…’    ç›²å“æ›´ç‰›,å¹³é¢-åŒ…è£…,7529 Populary,22 Comments,146 Recommended
"https://img.zcool.cn/community/031qhylgb1q879re68oegu73131.png?x-oss-process=image/resize,m_fill,w_520,h_390,limit_0/auto-orient,1/sharpen,100",æš´èµ°çš„é˜¿å‡¡æä¸¨è®©å¹´è½»äººä¸ºè¶…çº§å¤§ç›˜é¸¡æš´èµ°,å¹³é¢-å“ç‰Œ,1.2w Populary,36 Comments,353 Recommended
"https://img.zcool.cn/community/031916ohkig3gbfh6mvdbcv3035.png?x-oss-process=image/resize,m_fill,w_520,h_390,limit_0/auto-orient,1/sharpen,100",Aoiå›¾ä¹¦è£…å¸§è®¾è®¡22,å¹³é¢-ä¹¦ç±/ç”»å†Œ,4982 Populary,10 Comments,250 Recommended
"https://img.zcool.cn/community/0318nitejpc0toybyiljquk3139.png?x-oss-process=image/resize,m_fill,w_520,h_390,limit_0/auto-orient,1/sharpen,100",ä¸€äº›è§†è§‰çŸ¥è¯†ç‚¹,æ•™ç¨‹-å¤šé¢†åŸŸ,1.7w Populary,27 Comments,811 Recommended
"https://img.zcool.cn/community/01d0d962b589900002c45e37ec7fba.jpg?x-oss-process=image/resize,m_fill,w_520,h_390,limit_0/auto-orient,1/sharpen,100",è¿™å°±æ˜¯æˆ‘ä¸å‘â€œæœ‹å‹åœˆâ€çš„åŸå› ,åŠ¨æ¼«-çŸ­ç¯‡/æ ¼æ¼«,2.9w Populary,161 Comments,906 Recommended
"https://img.zcool.cn/community/031leyt62f9wztvekvlz1px3335.png?x-oss-process=image/resize,m_fill,w_520,h_390,limit_0/auto-orient,1/sharpen,100",ç™½ä¸­å—é¢œå½©ã€Šæ—¥æœ¬å¼‚è‰²æ–‡å­¦ç»å…¸ã€‹å°é¢æ’ç”»,æ’ç”»-è‰ºæœ¯æ’ç”»,5390 Populary,10 Comments,138 Recommended
"https://img.zcool.cn/community/031dhkvcmmmdxmjujureloj3035.png?x-oss-process=image/resize,m_fill,w_520,h_390,limit_0/auto-orient,1/sharpen,100",çƒŸé›¨è½æ¢¦é±¼,æ‘„å½±-äººåƒæ‘„å½±,1.1w Populary,48 Comments,437 Recommended
"https://img.zcool.cn/community/0317qmhbgbthaaq6qopwz9i3435.png?x-oss-process=image/resize,m_fill,w_520,h_390,limit_0/auto-orient,1/sharpen,100",å…³äºè®¾è®¡å¸ˆåº”è¯¥å¦‚ä½•å­¦ä¹ ,è§‚ç‚¹-å¤šé¢†åŸŸ,1.6w Populary,116 Comments,838 Recommended
"https://img.zcool.cn/community/031b44vwansnjawnqxltt2y3939.png?x-oss-process=image/resize,m_fill,w_520,h_390,limit_0/auto-orient,1/sharpen,100",adidas  Ã—  618å¹´ä¸­CGåŠ¨æ•ˆ,ä¸‰ç»´-å…¶ä»–ä¸‰ç»´,1.5w Populary,68 Comments,197 Recommended
"https://img.zcool.cn/community/0312yyt6dwyabygubbj9uyk3130.png?x-oss-process=image/resize,m_fill,w_520,h_390,limit_0/auto-orient,1/sharpen,100",vivo X80ç³»åˆ—äº§å“çº¿ä¸Šè§†è§‰,ç½‘é¡µ-ä¼ä¸šå®˜ç½‘,7468 Populary,22 Comments,185 Recommended
,,,,,
"https://img.zcool.cn/community/031tijeu8pevhsoiwy14hvk3233.png?x-oss-process=image/resize,m_fill,w_520,h_390,limit_0/auto-orient,1/sharpen,100",A CUP OF MERRY-GO-ROUND,å·¥ä¸š/äº§å“-ç©å…·,4268 Populary,34 Comments,170 Recommended
"https://img.zcool.cn/community/031harzrbaqv70nee5wcd6n3131.png?x-oss-process=image/resize,m_fill,w_520,h_390,limit_0/auto-orient,1/sharpen,100",è®¤å…»ä¸€å¤´ç‰›2021å“ç‰ŒIPè¡ç”Ÿå“-â€œæ³¡å¥¶æµ´â€å°ç‰›æ¯,å·¥ä¸š/äº§å“-ç”Ÿæ´»ç”¨å“,1.3w Populary,33 Comments,431 Recommended
"https://img.zcool.cn/community/031amkeinizjhtgsg23nau63532.png?x-oss-process=image/resize,m_fill,w_520,h_390,limit_0/auto-orient,1/sharpen,100",CUNæ–°ä½œä¸¨WILLchÃ¡å“ç‰Œæ——èˆ°åº—,ç©ºé—´-å•†ä¸šç©ºé—´è®¾è®¡,4932 Populary,18 Comments,65 Recommended
"https://img.zcool.cn/community/031opg6stvgjgokun7sxeij3437.png?x-oss-process=image/resize,m_fill,w_520,h_390,limit_0/auto-orient,1/sharpen,100",åšäº†ä¸€äº›åŠ¨å›¾ / é±¼,æ’ç”»-åˆ›ä½œä¹ ä½œ,1.4w Populary,51 Comments,614 Recommended
"https://img.zcool.cn//community/special_cover/bd6662903bd80002d772f352fde9.jpg?x-oss-process=image/resize,m_fill,w_260,h_195,limit_0/auto-orient,1/sharpen,100",ã€Œåœ†æˆ‘ä¸€ä¸ªçº¢æ¥¼æ¢¦ã€çº¢æ¥¼æ¢¦ç»å…¸IP /åœºæ™¯åˆ›æ„è®¾è®¡å¤§èµ›,å¤§èµ›-è®¾è®¡å¤§èµ›,å…±70.2wäººæ°”,å…±1089å‚ä¸,å…±909ä½œå“
"https://img.zcool.cn/community/031rpqjcirinmfpaixletav3539.png?x-oss-process=image/resize,m_fill,w_520,h_390,limit_0/auto-orient,1/sharpen,100",XOXO TEA LAB | ABDæ¡ˆä¾‹,å¹³é¢-å“ç‰Œ,1.3w Populary,30 Comments,324 Recommended
"https://img.zcool.cn/community/031aeyx2stqndyncf8rdrhv3532.png?x-oss-process=image/resize,m_fill,w_520,h_390,limit_0/auto-orient,1/sharpen,100",å¼ è£•è¿·éœ“ç™½å…°åœ°å¤œå…‰åŒ…è£…è®¾è®¡,å¹³é¢-åŒ…è£…,1.2w Populary,39 Comments,518 Recommended
"https://img.zcool.cn/community/031mngyfbjwlvjj7uf8pyof3735.png?x-oss-process=image/resize,m_fill,w_520,h_390,limit_0/auto-orient,1/sharpen,100",çƒ¤è‚‰æ–°å°è¯•-å¤§åŠ›çˆ¸çˆ¸å…¨çƒçƒ¤è‚‰å“ç‰Œè®¾è®¡,å¹³é¢-å“ç‰Œ,1.4w Populary,75 Comments,464 Recommended
"https://img.zcool.cn/community/031q1nbheebjc8qjdsm8t9t3839.png?x-oss-process=image/resize,m_fill,w_520,h_390,limit_0/auto-orient,1/sharpen,100",ã€Œ2022ã€äº¬ä¸œåˆ°å®¶-è¶…å“å‘¨è¥é”€è®¾è®¡ç¯‡,ç½‘é¡µ-ç”µå•†,1.1w Populary,25 Comments,230 Recommended
"https://img.zcool.cn/community/031kymnhbukq2xai1rhhg1d3036.png?x-oss-process=image/resize,m_fill,w_260,h_195,limit_0/auto-orient,1/sharpen,100",å¤§å‚è®¾è®¡æ€ä¹ˆåš,,å…±26å†…å®¹,å…±575å…³æ³¨,
"https://img.zcool.cn/community/01aab362b4149c0002c313f7ef4b1a.jpg?x-oss-process=image/resize,m_fill,w_520,h_390,limit_0/auto-orient,1/sharpen,100",éäººå“‰807-ç•ªå¤–Â·æ°´è°ƒæ­Œå¤´,åŠ¨æ¼«-çŸ­ç¯‡/æ ¼æ¼«,1.8w Populary,78 Comments,387 Recommended
"https://img.zcool.cn/community/031rojvaeypymsqaleyijrw3434.png?x-oss-process=image/resize,m_fill,w_520,h_390,limit_0/auto-orient,1/sharpen,100",æ™†æ—¶ï¼šç”¨é•œå¤´æ•æ‰çš„å»ºç­‘ç¾å­¦,è§‚ç‚¹-æ‘„å½±,4859 Populary,6 Comments,34 Recommended
"https://img.zcool.cn/community/031uc2nt6vgyeyba2jjd3ck3335.png?x-oss-process=image/resize,m_fill,w_520,h_390,limit_0/auto-orient,1/sharpen,100",ã€Šå¥¥æ¯”å²›ã€‹åŠ¨ç”»ä¸Šçº¿ï¼ä½ çš„å›å¿†æ¥äº†å—ï¼Ÿ,åŠ¨æ¼«-åŠ¨ç”»ç‰‡,6971 Populary,24 Comments,169 Recommended
"https://img.zcool.cn/community/031rmahjze2cbnpshy2t6lr3338.png?x-oss-process=image/resize,m_fill,w_520,h_390,limit_0/auto-orient,1/sharpen,100",2021QQé£è½¦èµ›äº‹è§†è§‰æ•´åˆ,å…¶ä»–-ç‹¬ç«‹æ¸¸æˆ,5272 Populary,10 Comments,138 Recommended
"https://img.zcool.cn/community/031dsidsoyb0paf1aytnmr23339.png?x-oss-process=image/resize,m_fill,w_520,h_390,limit_0/auto-orient,1/sharpen,100",NAUTS x DAMTOYS 1/6ã€Šç”ŸåŒ–å±æœº2ã€‹ é‡Œæ˜‚.S.è‚¯å°¼è¿ª ,å·¥ä¸š/äº§å“-ç©å…·,3585 Populary,6 Comments,50 Recommended
"https://img.zcool.cn/community/031eamf00daboattkm2hufk3735.png?x-oss-process=image/resize,m_fill,w_520,h_390,limit_0/auto-orient,1/sharpen,100",å¤§å‚åˆ·æ‰ä½ ä½œå“é›†çš„11æ¡åŸå› ï¼Œå…¶ä»–å…¬å¸ä¹Ÿåœ¨æ•ˆä»¿,è§‚ç‚¹-å¤šé¢†åŸŸ,2.0w Populary,60 Comments,457 Recommended
"https://img.zcool.cn/community/031kyb6gidrevg35lkgcfb63730.png?x-oss-process=image/resize,m_fill,w_520,h_390,limit_0/auto-orient,1/sharpen,100",ä¸€ç‚¹ç‚¹å¤å¤,æ‘„å½±-äººåƒæ‘„å½±,7741 Populary,16 Comments,175 Recommended
"https://img.zcool.cn/community/0319o3lh3whdohtqfawiiss3538.png?x-oss-process=image/resize,m_fill,w_520,h_390,limit_0/auto-orient,1/sharpen,100",è‰ºæœ¯ä¸ç§‘æŠ€çš„å¯¹è¯ | P8ç³»åˆ—å¤§ç†çŸ³çº¹ç”µåŠ¨ç‰™åˆ·,ä¸‰ç»´-åŠ¨ç”»/å½±è§†,4805 Populary,12 Comments,129 Recommended
"https://img.zcool.cn/community/031tzjn69vdxrmtcr1kdvyv3130.png?x-oss-process=image/resize,m_fill,w_520,h_390,limit_0/auto-orient,1/sharpen,100",Bentley Bentayga CGI,ä¸‰ç»´-æœºæ¢°/äº¤é€š,1.0w Populary,50 Comments,491 Recommended
"https://img.zcool.cn/community/031t2o52g4qshikxtpgk77b3531.png?x-oss-process=image/resize,m_fill,w_520,h_390,limit_0/auto-orient,1/sharpen,100",èœé¸ŸÂ·å¥–æ¯è®¾è®¡Â·é’é¸Ÿå¥–,å·¥ä¸š/äº§å“-å…¶ä»–å·¥ä¸š/äº§å“,6898 Populary,36 Comments,114 Recommended
"https://img.zcool.cn/community/031fmrhokxnou4voynofcrb3931.png?x-oss-process=image/resize,m_fill,w_520,h_390,limit_0/auto-orient,1/sharpen,100",ä¹…çŸ³è®©ä½œæ›²ï¼ç‹è€…è£è€€æ¡‘å¯ã€Šå…‰ä¹‹å¥‡æ—…ã€‹å‰ªçº¸å®šæ ¼åŠ¨ç”»ï¼,å½±è§†-çŸ­ç‰‡,6651 Populary,20 Comments,148 Recommended
"https://img.zcool.cn/community/031qh21wwnbd96tlpk8sqok3435.png?x-oss-process=image/resize,m_fill,w_520,h_390,limit_0/auto-orient,1/sharpen,100",A1è½¦è½½å¸å°˜å™¨,å·¥ä¸š/äº§å“-ç”µå­äº§å“,6647 Populary,15 Comments,113 Recommended
"https://img.zcool.cn/community/031ynsqjmijgt3e8pwu4pbw3531.png?x-oss-process=image/resize,m_fill,w_520,h_390,limit_0/auto-orient,1/sharpen,100",æ±Ÿå±±â€¢çº¢æ–‘ç»¿é”ˆå†èŠ³åâ€”â€”åç–«æƒ…æ—¶ä»£çš„è§‰é†’,çº¯è‰ºæœ¯-ç»˜ç”»,5835 Populary,25 Comments,202 Recommended
"https://img.zcool.cn/community/03172oxapecuqudaekbjjf23434.png?x-oss-process=image/resize,m_fill,w_520,h_390,limit_0/auto-orient,1/sharpen,100",ç©å‹å¡«ç©º | ä¸Šæ±½å¤§ä¼—æ–°æœ—é€¸ï¼Œé‚€å¤§å‰LUCKYè§£é”æ½®æµé£å°š,ä¸‰ç»´-äº§å“,6446 Populary,7 Comments,124 Recommended
"https://img.zcool.cn/community/031vfl2lo4naqlb3dehdxka3932.png?x-oss-process=image/resize,m_fill,w_520,h_390,limit_0/auto-orient,1/sharpen,100",ä¸€äº›è´Ÿè´£ç»˜åˆ¶çš„å±±æµ·ç»å·¥ä½œå›¾ï¼Œè®°å½•ä¸‹è¿‡å»ä¸€å¹´çš„æˆæœã€‚,æ’ç”»-æ¸¸æˆåŸç”»,8975 Populary,55 Comments,192 Recommended
"https://img.zcool.cn/community/031sqhybm5ns9kwbjxbpuws3333.png?x-oss-process=image/resize,m_fill,w_520,h_390,limit_0/auto-orient,1/sharpen,100",åšä¸åˆ°â€œæ²¡æœ‰çƒ¦æ¼â€ï¼Œè‡³å°‘åšåˆ°â€œåƒå¥½ç¡å¥½â€,åŠ¨æ¼«-ä¸­/é•¿ç¯‡æ¼«ç”»,1.3w Populary,61 Comments,376 Recommended
"https://img.zcool.cn//community/special_cover/6e2862280a7b110135f9303cd4e1.jpg?x-oss-process=image/resize,m_fill,w_260,h_195,limit_0/auto-orient,1/sharpen,100",2022å¤§è®¾è®¡å¥–Â·æ ¡å›­èµ›é“,å¤§èµ›-è®¾è®¡å¤§èµ›,å…±44.8wäººæ°”,å…±2569å‚ä¸,å…±3104ä½œå“
"https://img.zcool.cn/community/031rsjxb1q47vxufm7d6zxh3739.png?x-oss-process=image/resize,m_fill,w_520,h_390,limit_0/auto-orient,1/sharpen,100",ã€ ä¹…è¿äº†æ—…è¡Œ | ZCOOL 16TH ã€‘,å¹³é¢-æµ·æŠ¥,1.1w Populary,66 Comments,643 Recommended
"https://img.zcool.cn/community/031lup12rd1surwouwlkqh23037.png?x-oss-process=image/resize,m_fill,w_520,h_390,limit_0/auto-orient,1/sharpen,100",24èŠ‚æ°”å­—ä½“è®¾è®¡ï¼ˆ2022ç‰ˆï¼‰,å¹³é¢-å­—ä½“/å­—å½¢,1.0w Populary,53 Comments,377 Recommended
"https://img.zcool.cn/community/031srblzco7xjssywf57ndb3938.png?x-oss-process=image/resize,m_fill,w_520,h_390,limit_0/auto-orient,1/sharpen,100",å¥”é©°Â·ã€Šè‡´å‹è®¡åˆ’ç¯‡ã€‹,å½±è§†-å®£ä¼ ç‰‡,5496 Populary,10 Comments,89 Recommended
"https://img.zcool.cn/community/031pwa3ickivk71dxi85owi3130.png?x-oss-process=image/resize,m_fill,w_520,h_390,limit_0/auto-orient,1/sharpen,100",æ¡ˆä¾‹åˆ†äº« | STP & å±ˆè‡£æ° x è™šæ‹Ÿå¶åƒimma,ä¸‰ç»´-åŠ¨ç”»/å½±è§†,1.1w Populary,35 Comments,184 Recommended
"https://img.zcool.cn/community/031voskvxdbibfnsa0wvoyx3132.png?x-oss-process=image/resize,m_fill,w_520,h_390,limit_0/auto-orient,1/sharpen,100",æ¢…æ—ä¼ å¥‡å°é¢,æ’ç”»-å•†ä¸šæ’ç”»,1.0w Populary,12 Comments,349 Recommended
"https://img.zcool.cn/community/031j2e9tswjigwx6syllp3u3834.png?x-oss-process=image/resize,m_fill,w_520,h_390,limit_0/auto-orient,1/sharpen,100",å°±å–œæ¬¢ä½ çœ‹ä¸æƒ¯æˆ‘ï¼Œåˆå¹²ä¸æ‰æˆ‘çš„æ ·å­,æ‘„å½±-äººåƒæ‘„å½±,1.3w Populary,53 Comments,246 Recommended
"https://img.zcool.cn/community/031ynvxbn4s47mlve3jvbcf3733.png?x-oss-process=image/resize,m_fill,w_520,h_390,limit_0/auto-orient,1/sharpen,100",å¤è‘£å±€ä¸­å±€æ¦‚å¿µå›¾,å½±è§†-è®¾å®š/åˆ†é•œ,7299 Populary,14 Comments,135 Recommended
"https://img.zcool.cn/community/031ckaritftp2oggolkzvns3331.png?x-oss-process=image/resize,m_fill,w_520,h_390,limit_0/auto-orient,1/sharpen,100",çˆ±æ­»æœº3ã€Šç³Ÿç³•ä¹‹æ—…ã€‹æ€ªç‰©è®¾è®¡,å½±è§†-è®¾å®š/åˆ†é•œ,1.8w Populary,104 Comments,918 Recommended
https://img.zcool.cn//community/special_cover/97f962b40a040002d71efa778801.jpg,ç«™é…·å­¦ä¹ Â·ç»å…¸å¥½è¯¾ ,ä¸“é¢˜-ä¸“é¢˜ç­–åˆ’,å…±6233äººæ°”,,
"https://img.zcool.cn/community/031e6qw6fglfyogvtytvg163734.png?x-oss-process=image/resize,m_fill,w_520,h_390,limit_0/auto-orient,1/sharpen,100",Fangpeiiæ’ç”»2022å¹´ä¸­æ€»ç»“,æ’ç”»-åˆ›ä½œä¹ ä½œ,7651 Populary,46 Comments,456 Recommended
"https://img.zcool.cn/community/031m6jnocjpv3lnf3xpxnba3131.png?x-oss-process=image/resize,m_fill,w_520,h_390,limit_0/auto-orient,1/sharpen,100",ã€POPICã€‘æ°¸åŠ«æ–°ç« ï¼Œé‡è¯†æ­¦å£«ä¹‹é­‚,ä¸‰ç»´-åŠ¨ç”»/å½±è§†,6942 Populary,31 Comments,174 Recommended
"https://img.zcool.cn/community/031ta9xqqdhn5shivnlniui3538.png?x-oss-process=image/resize,m_fill,w_520,h_390,limit_0/auto-orient,1/sharpen,100",é£é¹¤ã€618ä¸»è§†è§‰ä¸»KVåˆ›æ„è®¾è®¡ã€‘,ç½‘é¡µ-ç”µå•†,1.7w Populary,56 Comments,633 Recommended
"https://img.zcool.cn/community/031vqr9rrcsk7udphdhi66w3033.png?x-oss-process=image/resize,m_fill,w_520,h_390,limit_0/auto-orient,1/sharpen,100",æ±½è½¦æœºå™¨äºº,ä¸‰ç»´-åŠ¨ç”»/å½±è§†,8928 Populary,21 Comments,183 Recommended
"https://img.zcool.cn/community/031xrqje22zp1b7od2pe9jw3031.png?x-oss-process=image/resize,m_fill,w_520,h_390,limit_0/auto-orient,1/sharpen,100",åå…‰æ¸¯é»‘ä½“å‘å¸ƒ,å¹³é¢-å­—ä½“/å­—å½¢,6942 Populary,25 Comments,167 Recommended
"https://img.zcool.cn//community/activity_cover/56e56296e9970002d711fe35e6ae.jpg?x-oss-process=image/resize,m_fill,w_260,h_195,limit_0/auto-orient,1/sharpen,100",å°Zçš„æ—…åŸï¼Œä¹…è¿äº†ï¼æ—…è¡Œâ€”â€” ç«™é…·16å‘¨å¹´è´ºå›¾å¾é›†,æ´»åŠ¨-çº¿ä¸Šæ´»åŠ¨,å…±4.2wäººæ°”,å…±68ä½œå“,å…±325æ¨è
"https://img.zcool.cn/community/031bnki7qoedo6pbutb8l4k3538.png?x-oss-process=image/resize,m_fill,w_520,h_390,limit_0/auto-orient,1/sharpen,100",è¯¦æƒ…é¡µ,ç½‘é¡µ-ç”µå•†,1.5w Populary,117 Comments,423 Recommended
"https://img.zcool.cn/community/031lxfe0spheishqdhelzeh3636.png?x-oss-process=image/resize,m_fill,w_520,h_390,limit_0/auto-orient,1/sharpen,100",ç‰ˆé¢å¾ˆå¹³ï¼Ÿè¶…å®ç”¨çš„æ–‡å­—æ’ç‰ˆæ•™ç¨‹ï¼Œç¾æ„Ÿç¬é—´çˆ†æ»¡,æ•™ç¨‹-å¤šé¢†åŸŸ,1.1w Populary,17 Comments,416 Recommended
"https://img.zcool.cn/community/031aqocuaa44xkcacgyso7s3636.png?x-oss-process=image/resize,m_fill,w_520,h_390,limit_0/auto-orient,1/sharpen,100",ç ç»£Ã—æ°´å½©â€”â€”è¥¿ç‹æ¯å›¾,æ’ç”»-å•†ä¸šæ’ç”»,7817 Populary,21 Comments,524 Recommended
"https://img.zcool.cn/community/031s5gayu22sceqw6wab6ko3436.png?x-oss-process=image/resize,m_fill,w_520,h_390,limit_0/auto-orient,1/sharpen,100",ã€Œå¤©çŒ«å¤´å·è®¡åˆ’ã€é™é‡æ•°å­—è—å“,å…¶ä»–-å…¶ä»–,1.0w Populary,35 Comments,638 Recommended
"https://img.zcool.cn/community/031gogwbcnxqnjwjfpm9qf63831.png?x-oss-process=image/resize,m_fill,w_520,h_390,limit_0/auto-orient,1/sharpen,100",DODOé²·é±¼çƒ§,æ‰‹å·¥è‰º-æ‰‹åŠ/æ¨¡ç©,8568 Populary,21 Comments,187 Recommended
"https://img.zcool.cn/community/031ckscjl7psxcs8qkhyas63334.png?x-oss-process=image/resize,m_fill,w_520,h_390,limit_0/auto-orient,1/sharpen,100",-IF I WAS A BIRD-,æ‘„å½±-é£å…‰æ‘„å½±,5994 Populary,32 Comments,175 Recommended
"https://img.zcool.cn/community/031kw2ykd3eadiov4jy0hwe3136.png?x-oss-process=image/resize,m_fill,w_520,h_390,limit_0/auto-orient,1/sharpen,100",SA9527-ä¸­åè€å­—å· - åŒ—äº¬çƒ¤é¸­ & åˆ›æ„æ’ç”»è®¾è®¡,UI-ä¸»é¢˜/çš®è‚¤,9698 Populary,44 Comments,399 Recommended
"https://img.zcool.cn/community/031ijjw4uio9bhe4iaj96yv3836.png?x-oss-process=image/resize,m_fill,w_520,h_390,limit_0/auto-orient,1/sharpen,100",Troval - å……ç”µå®æ—…è¡Œå·¥å…·ç»„ Modula Travel Tools,å·¥ä¸š/äº§å“-ç”µå­äº§å“,4700 Populary,12 Comments,113 Recommended
"https://img.zcool.cn/community/031vzbucpfarwhkdwtnqymq3331.png?x-oss-process=image/resize,m_fill,w_520,h_390,limit_0/auto-orient,1/sharpen,100",æ„Ÿè§‰çš„é€»è¾‘â€”â€”2021ç¬¬äº”å±Šæ·±åœ³å›½é™…æ‘„å½±å¤§å±•å¹³è¡Œå±•åä¹¦,å¹³é¢-ä¹¦ç±/ç”»å†Œ,1.2w Populary,35 Comments,228 Recommended
"https://img.zcool.cn/community/03132n89sigxhgagbdwh6iq3738.png?x-oss-process=image/resize,m_fill,w_520,h_390,limit_0/auto-orient,1/sharpen,100",é©¬è¥¿å—’-éŸ©å›½çƒ¤è‚‰æ‹Œé¥­ å“ç‰Œç­–ç•¥è§†è§‰,å¹³é¢-å“ç‰Œ,1.9w Populary,84 Comments,628 Recommended
"https://img.zcool.cn/community/031kqkpblnmdp70r32d0car3334.png?x-oss-process=image/resize,m_fill,w_520,h_390,limit_0/auto-orient,1/sharpen,100",æ–¹å›æ˜¥å ‚â€¢ å…»ç”Ÿé£Ÿå“åŒ…è£…,å¹³é¢-åŒ…è£…,9570 Populary,15 Comments,358 Recommended
"https://img.zcool.cn/community/031qsdawpndvss4hwdx6prk3639.png?x-oss-process=image/resize,m_fill,w_520,h_390,limit_0/auto-orient,1/sharpen,100",LxU Ã— Double Win å’–å•¡å“ç‰Œå‡çº§è®¾è®¡,å¹³é¢-å“ç‰Œ,1.0w Populary,25 Comments,388 Recommended
"https://img.zcool.cn/community/031pgmygjhryuzgtr62tjur3332.png?x-oss-process=image/resize,m_fill,w_520,h_390,limit_0/auto-orient,1/sharpen,100",å’–å•¡é£å‘³-ç¾å¦†æ‰‹è¶³è‚Œè‚¤æŠ¤ç†å“ç‰Œå‡çº§&åŒ…è£…å‡çº§,å¹³é¢-å“ç‰Œ,5039 Populary,9 Comments,165 Recommended
"https://img.zcool.cn/community/031bqa8w5ruey2m1ufgjhvv3038.png?x-oss-process=image/resize,m_fill,w_520,h_390,limit_0/auto-orient,1/sharpen,100",ç«™é…·16å‘¨å¹´è´ºå›¾,å¹³é¢-æµ·æŠ¥,9712 Populary,39 Comments,239 Recommended
"https://img.zcool.cn/community/0319p7ewvnler7pjgs77sp53138.png?x-oss-process=image/resize,m_fill,w_520,h_390,limit_0/auto-orient,1/sharpen,100",è¿‘æœŸçš„è®¾è®¡ç¨¿ 22.05-22.06,æ’ç”»-æ¦‚å¿µè®¾å®š,3586 Populary,5 Comments,108 Recommended
"https://img.zcool.cn/community/031t2y6glgzmskgsoc7dgpv3732.png?x-oss-process=image/resize,m_fill,w_520,h_390,limit_0/auto-orient,1/sharpen,100",AIKANGNIè«å…°è¿ªé«˜çº§ç°ä¸»é¢˜å£ç½© | äº§å“åŒ…è£…è®¾è®¡,å¹³é¢-åŒ…è£…,1.2w Populary,33 Comments,323 Recommended
"https://img.zcool.cn/community/03114e862b1a6cb0002c313f753ffa8.jpg?x-oss-process=image/resize,m_fill,w_520,h_390,limit_0/auto-orient,1/sharpen,100",ã€Šæ¥šæ­Œã€‹å››é¢æ¥šæ­Œ,æ’ç”»-æ¸¸æˆåŸç”»,8148 Populary,23 Comments,351 Recommended
"https://img.zcool.cn/community/031ln7iyc9bobsuixotfsbm3139.png?x-oss-process=image/resize,m_fill,w_520,h_390,limit_0/auto-orient,1/sharpen,100",ã€Š2022å¤§è¯è¥¿æ¸¸å·…å³°èµ›ã€‹å®£ä¼ ç‰‡,å½±è§†-å®£ä¼ ç‰‡,7051 Populary,7 Comments,164 Recommended
"https://img.zcool.cn/community/031jbtuqpwkzhv4uijlmbmb3034.png?x-oss-process=image/resize,m_fill,w_520,h_390,limit_0/auto-orient,1/sharpen,100",å‡¯æ‹‰åä¸–ã€Šç–¯äººé™¢ã€‹,ä¸‰ç»´-åŠ¨ç”»/å½±è§†,1.1w Populary,29 Comments,537 Recommended
"https://img.zcool.cn/community/031qsjzlffkoo9mcu3p9y2x3537.png?x-oss-process=image/resize,m_fill,w_520,h_390,limit_0/auto-orient,1/sharpen,100",æ·±åœ³æ­ç³å‚ä¸åˆ¶ä½œã€Šæ›™å…‰è‹±é›„ã€‹æ–°è§£ç¦9P,æ’ç”»-æ¸¸æˆåŸç”»,7601 Populary,12 Comments,177 Recommended
"https://img.zcool.cn/community/031435d62b0cc740002c313f7c8bcb3.jpg?x-oss-process=image/resize,m_fill,w_520,h_390,limit_0/auto-orient,1/sharpen,100",South Korea,æ‘„å½±-ç¯å¢ƒ/å»ºç­‘æ‘„å½±,9484 Populary,32 Comments,213 Recommended
"https://img.zcool.cn/community/031gm1fs14wva0ic8lhxn673230.png?x-oss-process=image/resize,m_fill,w_520,h_390,limit_0/auto-orient,1/sharpen,100",MAGCHICæ— çº¿å……ç”µç»„åˆ,å·¥ä¸š/äº§å“-ç”µå­äº§å“,7514 Populary,13 Comments,103 Recommended
"https://img.zcool.cn/community/031bpqakopeysichmlj9suw3631.png?x-oss-process=image/resize,m_fill,w_520,h_390,limit_0/auto-orient,1/sharpen,100",ç«é—¨1â€”5åˆé›†,æ’ç”»-å•†ä¸šæ’ç”»,1.1w Populary,59 Comments,779 Recommended
"https://img.zcool.cn/community/031dcfsu8rqeukt3ncgk8ko3731.png?x-oss-process=image/resize,m_fill,w_520,h_390,limit_0/auto-orient,1/sharpen,100",æœ€è¿‘çš„åˆ›ä½œ,æ’ç”»-è‰ºæœ¯æ’ç”»,1.5w Populary,49 Comments,1355 Recommended
"https://img.zcool.cn/community/031oottdeinx38koyxrp0pg3238.png?x-oss-process=image/resize,m_fill,w_520,h_390,limit_0/auto-orient,1/sharpen,100",è‹±é›„è”ç›Ÿåå‘¨å¹´ï¼š3æ”¯å°ç‰‡ï¼Œâ€œä¸è¶³æŒ‚é½¿â€,å½±è§†-å®£ä¼ ç‰‡,9952 Populary,28 Comments,107 Recommended
"https://img.zcool.cn/community/031kgmodedxup1anovrfdj73532.png?x-oss-process=image/resize,m_fill,w_520,h_390,limit_0/auto-orient,1/sharpen,100",Skyå…‰é‡9,æ’ç”»-å•†ä¸šæ’ç”»,8659 Populary,34 Comments,419 Recommended
"https://img.zcool.cn/community/031qrsxnl744gqzf4uqz1hc3431.png?x-oss-process=image/resize,m_fill,w_520,h_390,limit_0/auto-orient,1/sharpen,100",æ–°è‰ºæœ¯é£æ ¼åœ¨æ³•å›½ã€è®¾è®¡å²å¤ªæµ“ã€‘,æ•™ç¨‹-å¤šé¢†åŸŸ,3377 Populary,0 Comments,38 Recommended
"https://img.zcool.cn/community/031kdhajmtedmci9gysxk043733.png?x-oss-process=image/resize,m_fill,w_520,h_390,limit_0/auto-orient,1/sharpen,100",åˆ©ç”¨æ–¹ç¨‹æ€ç»´ï¼Œä»è®¾è®¡ç›®æ ‡æ¨å¯¼è®¾è®¡æ–¹æ¡ˆ,æ•™ç¨‹-å¤šé¢†åŸŸ,6245 Populary,8 Comments,100 Recommended
"https://img.zcool.cn/community/031ytpcni68mkpymvg6ajo73537.png?x-oss-process=image/resize,m_fill,w_520,h_390,limit_0/auto-orient,1/sharpen,100",é¡ºä¸°é€Ÿè¿äº§å“æ‹†è§£ä¸¨14500å­—ï¼Œ76ä¸ªæ ¸å¿ƒåŠŸèƒ½ä¸ºä½ æ­ç§˜é¡ºä¸°çš„å¿«é€’ä¸–ç•Œ,è§‚ç‚¹-UI,9600 Populary,15 Comments,120 Recommended
"https://img.zcool.cn/community/031zfnpgcfupytjuoyvwxph3234.png?x-oss-process=image/resize,m_fill,w_520,h_390,limit_0/auto-orient,1/sharpen,100",æƒ³æˆä¸ºæ–°å’–é¥®ç‹¬è§’å…½ï¼Œå’–æ•°åº”è¯¥å¦‚ä½•åšï¼Ÿ,å¹³é¢-å“ç‰Œ,9004 Populary,37 Comments,258 Recommended
"https://img.zcool.cn/community/031c3oabikb0683sfnayux33036.png?x-oss-process=image/resize,m_fill,w_520,h_390,limit_0/auto-orient,1/sharpen,100",æ¢ç´¢èŠ‚æ—¥è¿è¥æ–°æ€è·¯,UI-APPç•Œé¢,1.1w Populary,21 Comments,292 Recommended
"https://img.zcool.cn/community/031os4em7pf1ow1uxmxsuaa3634.png?x-oss-process=image/resize,m_fill,w_520,h_390,limit_0/auto-orient,1/sharpen,100",æ¼«ç”» /  ç¥ä¸å¸®ä½ ï¼Œæ˜¯ç¥ç›¸ä¿¡ä½ ,åŠ¨æ¼«-ä¸­/é•¿ç¯‡æ¼«ç”»,1.2w Populary,63 Comments,666 Recommended
"https://img.zcool.cn/community/031yhulczsidtueys4syple3138.png?x-oss-process=image/resize,m_fill,w_520,h_390,limit_0/auto-orient,1/sharpen,100",æœˆæ»¡é¤æ¡Œ | æ„Ÿå—ä¸­å¼å®¶åº­èŠ‚æ—¥èšé¤çš„æ°›å›´æ„Ÿ,å·¥ä¸š/äº§å“-ç”Ÿæ´»ç”¨å“,7239 Populary,27 Comments,100 Recommended
"https://img.zcool.cn/community/031kmgwebv6a5mcxb0ssxiw3432.png?x-oss-process=image/resize,m_fill,w_520,h_390,limit_0/auto-orient,1/sharpen,100",çˆ±æ­»æœº3ã€Šè™«ç¾¤ã€‹å…±ç”Ÿä½“æ¦‚å¿µè®¾è®¡ Part1,å½±è§†-è®¾å®š/åˆ†é•œ,1.7w Populary,39 Comments,673 Recommended
"https://img.zcool.cn/community/01d2a062b1258e0002c313f78a4d29.jpg?x-oss-process=image/resize,m_fill,w_520,h_390,limit_0/auto-orient,1/sharpen,100",ã€Šæ¯å¤©å’Œæ¯å¤©ä¸ä¸€æ ·ã€‹ç³»åˆ—ç¬¬30è¾‘,æ’ç”»-ç»˜æœ¬,3808 Populary,10 Comments,165 Recommended
"https://img.zcool.cn//community/activity_cover/16e46281b4ab0002d73d5e056a31.jpg?x-oss-process=image/resize,m_fill,w_260,h_195,limit_0/auto-orient,1/sharpen,100",æˆ‘çš„ä½œå“æœ‰è¯è¯´ - æ‰“å¡æŒ‘æˆ˜,æ´»åŠ¨-çº¿ä¸Šæ´»åŠ¨,å…±2.5wäººæ°”,å…±457ä½œå“,å…±173æ¨è
"https://img.zcool.cn/community/031fkfrb1evxn3kwklmhvea3731.png?x-oss-process=image/resize,m_fill,w_520,h_390,limit_0/auto-orient,1/sharpen,100",Blue and Nata,ä¸‰ç»´-äººç‰©/ç”Ÿç‰©,1.3w Populary,56 Comments,616 Recommended
"https://img.zcool.cn/community/0318diwiy4d2x3bujaftxna3835.png?x-oss-process=image/resize,m_fill,w_520,h_390,limit_0/auto-orient,1/sharpen,100",SETU è¥å…»è¡¥å……å‰‚ X è‡ªç„¶æ— èŠå®éªŒå®¤,å¹³é¢-åŒ…è£…,1.3w Populary,11 Comments,439 Recommended
"https://img.zcool.cn/community/0313b9umwwsodsbkrkqx1ae3436.png?x-oss-process=image/resize,m_fill,w_520,h_390,limit_0/auto-orient,1/sharpen,100",å¼€ç›²ç›’ï¼ŒçŒœçŒœæ˜¯ä»€ä¹ˆå­—ä½“ï¼Ÿ,å¹³é¢-å­—ä½“/å­—å½¢,9788 Populary,14 Comments,104 Recommended
https://image.gogoup.com/20220621/1655776422382.jpg,,-,,,
"https://img.zcool.cn/community/01fedc62b04c5a0002c313f70209eb.jpg?x-oss-process=image/resize,m_fill,w_520,h_390,limit_0/auto-orient,1/sharpen,100",ç‡ƒå…”-BURNING RABBIT,æ’ç”»-åˆ›ä½œä¹ ä½œ,5862 Populary,17 Comments,280 Recommended
"https://img.zcool.cn/community/031v5l1bgijsi3gcuck6rl03539.png?x-oss-process=image/resize,m_fill,w_520,h_390,limit_0/auto-orient,1/sharpen,100",è·¨ç•Œåˆä½œ I Big Heart & New Balance CT302 ,å¹³é¢-IPå½¢è±¡,5608 Populary,9 Comments,191 Recommended
"https://img.zcool.cn/community/031r2dsylgdy1ystkzwoxau3433.png?x-oss-process=image/resize,m_fill,w_520,h_390,limit_0/auto-orient,1/sharpen,100",Redmi Note 11T æ½®æµé™å®šç‰ˆ é“è‡‚é˜¿ç«¥æœ¨ä¸»é¢˜,UI-ä¸»é¢˜/çš®è‚¤,8176 Populary,53 Comments,432 Recommended
"https://img.zcool.cn/community/031leqsh2o2s8jhd1xoroyq3431.png?x-oss-process=image/resize,m_fill,w_520,h_390,limit_0/auto-orient,1/sharpen,100",æ±¤è‡£æ°é€ŠXå°è“è±¡ï½œå“ç‰Œè¶…çº§ä½“ç³»,ç½‘é¡µ-ç”µå•†,1.8w Populary,73 Comments,325 Recommended
"https://img.zcool.cn/community/031myk7two7myzkdyq6sfo23530.png?x-oss-process=image/resize,m_fill,w_520,h_390,limit_0/auto-orient,1/sharpen,100",ã€Šç«œä¹‹å°‘å¹´.æ¬²ç¹ä½¿ã€‹ç™½ä¸­å—é¢œå½©â€”â€”äººå·é›†,æ’ç”»-è‰ºæœ¯æ’ç”»,4994 Populary,7 Comments,166 Recommended
"https://img.zcool.cn/community/031uf7wlowplaqvhjjfifxm3036.png?x-oss-process=image/resize,m_fill,w_520,h_390,limit_0/auto-orient,1/sharpen,100",QQç‚«èˆ x æ²³å—å«è§†ï¼šèŠ±èˆæ˜Ÿå¦™å¤œ,ä¸‰ç»´-åŠ¨ç”»/å½±è§†,8084 Populary,20 Comments,165 Recommended
"https://img.zcool.cn/community/0315cd462b022a40002c45e373c3632.jpg?x-oss-process=image/resize,m_fill,w_520,h_390,limit_0/auto-orient,1/sharpen,100",æ ¸ç©coreplayï¼šä¸­å›½æ–‡åŒ–åŸåˆ›ä½œå“ æ‹›è´¢çº³ç¦éº’éºŸ,å·¥ä¸š/äº§å“-ç©å…·,4038 Populary,21 Comments,90 Recommended
"https://img.zcool.cn/community/031iq6ujqkxtyc30wgzwzdj3332.png?x-oss-process=image/resize,m_fill,w_520,h_390,limit_0/auto-orient,1/sharpen,100",å¤æ—¥é™å®š,æ‘„å½±-æ—¶å°š/è‰ºæœ¯æ‘„å½±,1.0w Populary,31 Comments,311 Recommended
"https://img.zcool.cn//community/special_cover/e4bc629877170002d710e6126c51.jpg?x-oss-process=image/resize,m_fill,w_260,h_195,limit_0/auto-orient,1/sharpen,100",ã€Œé’æ˜¥ä¸“å¾®ã€ä½³èƒ½é’æ˜¥IPå¾é›†å¤§èµ›,å¤§èµ›-è®¾è®¡å¤§èµ›,å…±12.7wäººæ°”,å…±167å‚ä¸,å…±103ä½œå“
"https://img.zcool.cn/community/031aadarenkjrgke4gmoiks3931.png?x-oss-process=image/resize,m_fill,w_520,h_390,limit_0/auto-orient,1/sharpen,100",|å­¦ä¼šç‰ˆå¼çš„Nä¸ªTips| ç”»å†Œè¿˜ä¸ä¼šè®¾è®¡ï¼Ÿæˆ‘ä¸å…è®¸ä½ ä¸çŸ¥é“è¿™6ä¸ªçŸ¥è¯†ç‚¹ï¼,æ•™ç¨‹-å¹³é¢,1.7w Populary,8 Comments,497 Recommended
"https://img.zcool.cn/community/031m7gdom60dj6mtc3ryxuv3538.png?x-oss-process=image/resize,m_fill,w_520,h_390,limit_0/auto-orient,1/sharpen,100",modiarts | QQéŸ³ä¹Â·é“¶æ²³è®¡åˆ’2021éŸ³ä¹å¹´é‰´,å½±è§†-çŸ­ç‰‡,6497 Populary,4 Comments,265 Recommended
"https://img.zcool.cn/community/018b5362b010a20002c45e37f98490.jpg?x-oss-process=image/resize,m_fill,w_520,h_390,limit_0/auto-orient,1/sharpen,100",çŸ­ç¯‡æ¼«ç”»Â·æˆ‘çš„éæ­£ç»éšå±…ç”Ÿæ´»,åŠ¨æ¼«-çŸ­ç¯‡/æ ¼æ¼«,1.2w Populary,55 Comments,540 Recommended
"https://img.zcool.cn/community/031r1eeehgqfnk1uigmino33637.png?x-oss-process=image/resize,m_fill,w_520,h_390,limit_0/auto-orient,1/sharpen,100",ç»˜æœ¬ã€Šæˆ‘å–œæ¬¢......ã€‹,æ’ç”»-ç»˜æœ¬,5849 Populary,8 Comments,249 Recommended
"https://img.zcool.cn/community/031d6xsyc8nos493yp9y1wt3033.png?x-oss-process=image/resize,m_fill,w_520,h_390,limit_0/auto-orient,1/sharpen,100",åƒç´ ç§‘æŠ€&{åŠ¿å¤´}ç”µå•†å“ç‰Œå…¨æ¡ˆæ–°è§†è§‰å‡çº§,ç½‘é¡µ-ç”µå•†,1.3w Populary,91 Comments,437 Recommended
"https://img.zcool.cn/community/031nwtiitpavr49kxxy5c9l3233.png?x-oss-process=image/resize,m_fill,w_520,h_390,limit_0/auto-orient,1/sharpen,100",å®ˆä¸€çœŸæºæŠ¤è‚¤å“ç‰Œç­–ç•¥å…¨æ¡ˆ,ç½‘é¡µ-ç”µå•†,1.6w Populary,91 Comments,541 Recommended
"https://img.zcool.cn/community/031e8vndgt6dkh3dp7vkug03933.png?x-oss-process=image/resize,m_fill,w_520,h_390,limit_0/auto-orient,1/sharpen,100",æ—¥å†ç”·å­© Calendar boyï½œåŸåˆ›ç³»åˆ—æ’ç”» vol.01,æ’ç”»-è‰ºæœ¯æ’ç”»,5406 Populary,48 Comments,418 Recommended
"https://img.zcool.cn/community/031qdbglxyboxjebitblwjg3237.png?x-oss-process=image/resize,m_fill,w_260,h_195,limit_0/auto-orient,1/sharpen,100",å¡é€šå½¢è±¡,,å…±29å†…å®¹,å…±91å…³æ³¨,
"https://img.zcool.cn/community/031uihvkwwk6vxvpskohuce3232.png?x-oss-process=image/resize,m_fill,w_520,h_390,limit_0/auto-orient,1/sharpen,100",ç›²ç›’å¤§ä½œæˆ˜æ´»åŠ¨è®¾è®¡å¤ç›˜,è§‚ç‚¹-å¤šé¢†åŸŸ,3667 Populary,0 Comments,62 Recommended
"https://img.zcool.cn/community/031kiu84avgkufcb5scmgd13735.png?x-oss-process=image/resize,m_fill,w_520,h_390,limit_0/auto-orient,1/sharpen,100",2022ç«™é…·å…±åˆ›å¤§ä¼šå“ç‰Œå®£ä¼ è§†é¢‘-åŠ¨ç”»ä¾¿åˆ©åº—åˆ†äº«,å½±è§†-Motion Graphic,4647 Populary,2 Comments,118 Recommended
"https://img.zcool.cn/community/031z8n33pwflreapu2lhifv3938.png?x-oss-process=image/resize,m_fill,w_520,h_390,limit_0/auto-orient,1/sharpen,100",å¤§å…´æœºåœºï½œè‰ºæœ¯å¥‡é‡ä¹‹æ—…é•¿å·,æ’ç”»-å•†ä¸šæ’ç”»,8073 Populary,22 Comments,229 Recommended
"https://img.zcool.cn/community/031ldqgssnsgfheaukkyndo3831.png?x-oss-process=image/resize,m_fill,w_520,h_390,limit_0/auto-orient,1/sharpen,100",Gear World,åŠ¨æ¼«-çŸ­ç¯‡/æ ¼æ¼«,8718 Populary,14 Comments,185 Recommended
"https://img.zcool.cn/community/031xlgr3qlmoyp4k3juulkd3832.png?x-oss-process=image/resize,m_fill,w_520,h_390,limit_0/auto-orient,1/sharpen,100",è®¾è®¡åˆ›æ–°: å¦‚ä½•å‘æ˜æ–°å•†æœº,è§‚ç‚¹-å¤šé¢†åŸŸ,5296 Populary,1 Comments,54 Recommended
"https://img.zcool.cn/community/031qughlc6nrb6r1cbr4wtm3638.png?x-oss-process=image/resize,m_fill,w_520,h_390,limit_0/auto-orient,1/sharpen,100",2022æœ€è¿‘ä½œå“æ•´ç†,æ’ç”»-å•†ä¸šæ’ç”»,1.0w Populary,24 Comments,351 Recommended
"https://img.zcool.cn/community/031vxheeibvbsi1t1wba0pl3835.png?x-oss-process=image/resize,m_fill,w_520,h_390,limit_0/auto-orient,1/sharpen,100",ã€UGREEN-æ¸²æŸ“åˆé›† 5 ã€‘,ä¸‰ç»´-äº§å“,9123 Populary,94 Comments,332 Recommended
"https://img.zcool.cn/community/031braorfltli9tjbep8we93639.png?x-oss-process=image/resize,m_fill,w_520,h_390,limit_0/auto-orient,1/sharpen,100",ã€POPICã€‘çš‡å®¶å¯»å®å°åˆ†é˜Ÿï¼Œå‡ºå‘ï¼,ä¸‰ç»´-åŠ¨ç”»/å½±è§†,5017 Populary,9 Comments,138 Recommended
"https://img.zcool.cn/community/031aa5662ad55f20002c313f7a7c590.jpg?x-oss-process=image/resize,m_fill,w_520,h_390,limit_0/auto-orient,1/sharpen,100",è´è¶æ¢¦ğŸ¦‹,æ‘„å½±-äººåƒæ‘„å½±,9819 Populary,34 Comments,106 Recommended
"https://img.zcool.cn/community/031dbac4lymqx74zlf3rlkk3934.png?x-oss-process=image/resize,m_fill,w_520,h_390,limit_0/auto-orient,1/sharpen,100",LISENææ£®ç§‘æŠ€ | äº§å“æ¸²æŸ“å›¾,ä¸‰ç»´-äº§å“,1.1w Populary,58 Comments,429 Recommended
"https://img.zcool.cn/community/0311zilfvq0bbwhk5izejqd3030.png?x-oss-process=image/resize,m_fill,w_520,h_390,limit_0/auto-orient,1/sharpen,100",Fantour NFT-è¶…éŸ³è¿·èˆªç³»åˆ—,ä¸‰ç»´-å…¶ä»–ä¸‰ç»´,5354 Populary,11 Comments,205 Recommended
"https://img.zcool.cn/community/0314lcouyrqz5xw7hqql2dq3530.png?x-oss-process=image/resize,m_fill,w_520,h_390,limit_0/auto-orient,1/sharpen,100",ç«å½±å¿è€…20å‘¨å¹´å…±åˆ› - Naruto 20th ,ä¸‰ç»´-å…¶ä»–ä¸‰ç»´,1.3w Populary,40 Comments,482 Recommended
"https://img.zcool.cn/community/031jpuorceewkaxcjrafopk3535.png?x-oss-process=image/resize,m_fill,w_520,h_390,limit_0/auto-orient,1/sharpen,100",LAN ã€Œvalley strollã€å±±è°·æ¼«æ­¥ äº§å“æ¦‚å¿µç‰‡,å½±è§†-çŸ­ç‰‡,4829 Populary,11 Comments,105 Recommended
"https://img.zcool.cn/community/031glwf0ack7cprr8a3h2mi3736.png?x-oss-process=image/resize,m_fill,w_520,h_390,limit_0/auto-orient,1/sharpen,100",å°èŒè‡â€”å©´å„¿å¥¶é”…,å·¥ä¸š/äº§å“-ç”Ÿæ´»ç”¨å“,8916 Populary,31 Comments,161 Recommended
"https://img.zcool.cn/community/03157ew8dk8hmko3wsk11bs3732.png?x-oss-process=image/resize,m_fill,w_520,h_390,limit_0/auto-orient,1/sharpen,100",SMALL HEAD & BUBBLE CLOTHINGã€ç¬¬äºŒå¼¹ã€‘,ä¸‰ç»´-äººç‰©/ç”Ÿç‰©,6875 Populary,65 Comments,230 Recommended
"https://img.zcool.cn/community/031untivw8dvnfi16b2v9dp3039.png?x-oss-process=image/resize,m_fill,w_520,h_390,limit_0/auto-orient,1/sharpen,100",å°é³„é±¼ç»™çˆ¸çˆ¸çš„çˆ¶äº²èŠ‚ç¤¼ç‰©ï¼Œæ²‰ç”¸ç”¸å¾ˆæœ‰åˆ†é‡,åŠ¨æ¼«-åŠ¨ç”»ç‰‡,1.0w Populary,14 Comments,129 Recommended
"https://img.zcool.cn/community/01e18662af020d0002c45e37e8f6b8.jpg?x-oss-process=image/resize,m_fill,w_520,h_390,limit_0/auto-orient,1/sharpen,100",ã€å²©å½©ã€‘ç”»å¸ˆçœ¼é‡Œï¼Œé‚£æŠ¹ä¸å®Œç¾çš„â€œä¼¤â€æ‰æ˜¯ç”»é¾™ç‚¹ç›,çº¯è‰ºæœ¯-ç»˜ç”»,8090 Populary,6 Comments,317 Recommended
"https://img.zcool.cn/community/031p0cotz2ugaeykf0nscog3437.png?x-oss-process=image/resize,m_fill,w_520,h_390,limit_0/auto-orient,1/sharpen,100",nolunlunç³»åˆ—GK-é­”å¡å°‘å¥³æ¨±(å‚åŠ WF2022),å¹³é¢-IPå½¢è±¡,7848 Populary,31 Comments,317 Recommended
"https://img.zcool.cn/community/031lbdwrcu845hkx2pd6pid3235.png?x-oss-process=image/resize,m_fill,w_520,h_390,limit_0/auto-orient,1/sharpen,100",å®¶é‡Œåˆå¤šäº†ä¸€åªçš‡çš‡ï¼...çœŸå‡çš‡çš‡ï¼Ÿï¼Ÿï¼Ÿï¼Ÿ,åŠ¨æ¼«-ä¸­/é•¿ç¯‡æ¼«ç”»,1.6w Populary,47 Comments,498 Recommended
"https://img.zcool.cn/community/01d39c62ae827d0002c313f7e1485a.jpg?x-oss-process=image/resize,m_fill,w_520,h_390,limit_0/auto-orient,1/sharpen,100",éšä¸–ç³»åˆ—,æ’ç”»-å•†ä¸šæ’ç”»,1.2w Populary,21 Comments,686 Recommended
"https://img.zcool.cn/community/031g2ibzvlugscghhf2lvla3530.png?x-oss-process=image/resize,m_fill,w_520,h_390,limit_0/auto-orient,1/sharpen,100",ã€å’•å˜°2022ã€‘è®°å¿†ç¢ç‰‡,å¹³é¢-IPå½¢è±¡,1.3w Populary,35 Comments,661 Recommended
"https://img.zcool.cn/community/031kqyldan5xuxlj7zjck5f3436.png?x-oss-process=image/resize,m_fill,w_520,h_390,limit_0/auto-orient,1/sharpen,100",Logos & Marks | Logofolio 2022,å¹³é¢-Logo,7992 Populary,13 Comments,219 Recommended
"https://img.zcool.cn//community/activity_cover/8aa3628f2f4f0002d76b0f42d958.jpg?x-oss-process=image/resize,m_fill,w_260,h_195,limit_0/auto-orient,1/sharpen,100",618ï¼è¯¦æƒ…é¡µè®¾è®¡è®©äº§å“å–çˆ†ï¼,æ´»åŠ¨-çº¿ä¸Šæ´»åŠ¨,å…±4.2wäººæ°”,å…±150ä½œå“,å…±223æ¨è
"https://img.zcool.cn/community/031rkdbwz0if4gvq5pq9xso3237.png?x-oss-process=image/resize,m_fill,w_520,h_390,limit_0/auto-orient,1/sharpen,100",ç«ç‘° | RainbowKido ç¹èŠ±ç³»åˆ— | SHOWCASE,å¹³é¢-IPå½¢è±¡,1.6w Populary,38 Comments,547 Recommended
"https://img.zcool.cn/community/01207e62ac81180002c313f70fb108.jpg?x-oss-process=image/resize,m_fill,w_520,h_390,limit_0/auto-orient,1/sharpen,100",è°·è˜‘ç³»åˆ—ç›²ç›’ç¬¬ä¸‰ä»£ã€Šç§˜å¢ƒèŠ±å›­ã€‹,å¹³é¢-IPå½¢è±¡,4518 Populary,12 Comments,156 Recommended
"https://img.zcool.cn/community/031bkd2yiznkhu2pf2ih8wn3032.png?x-oss-process=image/resize,m_fill,w_520,h_390,limit_0/auto-orient,1/sharpen,100",NFTæ•°å­—è‰ºæœ¯å¤´åƒäºŒæ¬¡å…ƒç¾é£Ÿçˆ±å¥½è€…,ä¸‰ç»´-å…¶ä»–ä¸‰ç»´,1.8w Populary,95 Comments,845 Recommended
"https://img.zcool.cn/community/031ir5skgjozf8ckto45jot3538.png?x-oss-process=image/resize,m_fill,w_520,h_390,limit_0/auto-orient,1/sharpen,100",æ— ä¸»é¢˜äººç‰©ç³»åˆ—,ä¸‰ç»´-äººç‰©/ç”Ÿç‰©,8660 Populary,21 Comments,433 Recommended
"https://img.zcool.cn/community/0318chvy8cnrey1srlnzr1u3637.png?x-oss-process=image/resize,m_fill,w_520,h_390,limit_0/auto-orient,1/sharpen,100",è¿‘æœŸä½œå“æ•´ç†,æ’ç”»-å•†ä¸šæ’ç”»,1.6w Populary,47 Comments,666 Recommended
"https://img.zcool.cn/community/031y3otgkwqhvfrs0ycqurb3233.png?x-oss-process=image/resize,m_fill,w_520,h_390,limit_0/auto-orient,1/sharpen,100",NEO - æ”¯ä»˜å®è¥é”€è®¾è®¡è¯­è¨€2.0,UI-APPç•Œé¢,2.6w Populary,48 Comments,1202 Recommended
"https://img.zcool.cn/community/0310dn93oqsleibfykpgg3m3533.png?x-oss-process=image/resize,m_fill,w_520,h_390,limit_0/auto-orient,1/sharpen,100",ã€Œå®‡å­£ã€MLBBï¼šå˜å½¢é‡‘åˆšè”åŠ¨2022,å½±è§†-å®£ä¼ ç‰‡,7670 Populary,21 Comments,196 Recommended
"https://img.zcool.cn/community/031a96f6229859f11013e8cd0e003b8.jpg?x-oss-process=image/resize,m_fill,w_520,h_390,limit_0/auto-orient,1/sharpen,100",è‹¹æœğŸ,æ’ç”»-åˆ›ä½œä¹ ä½œ,1.1w Populary,31 Comments,681 Recommended
"https://img.zcool.cn/community/0314lmta0qbtktbuph5lqec3230.png?x-oss-process=image/resize,m_fill,w_520,h_390,limit_0/auto-orient,1/sharpen,100",éƒ¨è½å†²çªçš‡å®¤æˆ˜äº‰ | æ‰‹åŠç ”å‘,å·¥ä¸š/äº§å“-ç©å…·,3813 Populary,13 Comments,104 Recommended
"https://img.zcool.cn/community/031njxdyq9am45bkbhlfvt73130.png?x-oss-process=image/resize,m_fill,w_520,h_390,limit_0/auto-orient,1/sharpen,100",â€œGrit Universeæ²™ç ¾å®‡å®™â€æ•°å­—è—å“æ¦‚å¿µè®¾è®¡,ä¸‰ç»´-äººç‰©/ç”Ÿç‰©,5449 Populary,12 Comments,148 Recommended
"https://img.zcool.cn/community/031r7wenksevgzwwxkvipnf3934.png?x-oss-process=image/resize,m_fill,w_520,h_390,limit_0/auto-orient,1/sharpen,100",7ç§ç‰ˆé¢æ„å›¾ è®©æµ·æŠ¥ç«‹é©¬ä¸ä¸€æ ·ï¼,æ•™ç¨‹-å¤šé¢†åŸŸ,2.3w Populary,26 Comments,853 Recommended
"https://img.zcool.cn/community/031qamsxytjhagwr7bmeggb3432.png?x-oss-process=image/resize,m_fill,w_520,h_390,limit_0/auto-orient,1/sharpen,100",ç¾¤åƒä½œå“åˆé›† / æ¯•ä¸šå¿«ä¹,æ‘„å½±-äººåƒæ‘„å½±,1.7w Populary,60 Comments,420 Recommended
"https://img.zcool.cn/community/031709062aae2e50002c45e3764d23b.jpg?x-oss-process=image/resize,m_fill,w_520,h_390,limit_0/auto-orient,1/sharpen,100",OPPO Enco X2,æ‘„å½±-äººåƒæ‘„å½±,8295 Populary,28 Comments,288 Recommended
"https://img.zcool.cn/community/031lvxhopwk7lvey8b5wnb23837.png?x-oss-process=image/resize,m_fill,w_520,h_390,limit_0/auto-orient,1/sharpen,100",ã€è‹±é›„è”ç›Ÿæ‰‹æ¸¸ã€‘æè«ç«¯åˆèŠ‚KV,æ’ç”»-å•†ä¸šæ’ç”»,1.2w Populary,109 Comments,614 Recommended
"https://img.zcool.cn/community/031x2se88ujedi12ii5byih3634.png?x-oss-process=image/resize,m_fill,w_520,h_390,limit_0/auto-orient,1/sharpen,100",3ä¸ªæœˆå•†ä¸šæ’ç”»å®ä¹ è®°å½•,æ’ç”»-å•†ä¸šæ’ç”»,1.3w Populary,73 Comments,797 Recommended
"https://img.zcool.cn/community/013fe062ac0eb40002c313f73a9ef5.jpg?x-oss-process=image/resize,m_fill,w_520,h_390,limit_0/auto-orient,1/sharpen,100",ä»¥å¤ªé£æ—‹ETHERIC WHIRLING | ç©ºé—´è¡Œèµ° SPACE RAMBLING,å¹³é¢-IPå½¢è±¡,8688 Populary,42 Comments,163 Recommended
"https://img.zcool.cn/community/031eivwl8endiyd5kwkw9me3037.png?x-oss-process=image/resize,m_fill,w_520,h_390,limit_0/auto-orient,1/sharpen,100",ä¹˜ä¸°å¯»å®è®°ä½“éªŒè®¾è®¡å¤ç›˜,è§‚ç‚¹-UI,5421 Populary,8 Comments,174 Recommended
"https://img.zcool.cn/community/031grcxythmvi4eupwo6rjo3838.png?x-oss-process=image/resize,m_fill,w_520,h_390,limit_0/auto-orient,1/sharpen,100",XIAOMI Global Redmi Note10 Series,ä¸‰ç»´-äº§å“,6544 Populary,17 Comments,146 Recommended
"https://img.zcool.cn/community/0312dd3rsh8t1dosb2sze553437.png?x-oss-process=image/resize,m_fill,w_520,h_390,limit_0/auto-orient,1/sharpen,100",å“ç‰Œå¹¿å‘Šåˆ›æ„æµ‹è¯•æ–¹æ³•è®º,è§‚ç‚¹-å¤šé¢†åŸŸ,4676 Populary,0 Comments,51 Recommended
"https://img.zcool.cn/community/0310sjfcnxfvdulkgervboa3332.png?x-oss-process=image/resize,m_fill,w_520,h_390,limit_0/auto-orient,1/sharpen,100",|å­¦ä¼šç‰ˆå¼çš„Nä¸ªTips| è¿™æ ·æ’ç‰ˆï¼Œæ»¡æ»¡çš„æ°›å›´æ„Ÿï¼,æ•™ç¨‹-å¹³é¢,2.2w Populary,30 Comments,817 Recommended
"https://img.zcool.cn/community/031mpmegguuxx56i7et0rrq3630.png?x-oss-process=image/resize,m_fill,w_520,h_390,limit_0/auto-orient,1/sharpen,100",å­£æ„ | å•†ä¸š | å›ç­”ç‰æ—å±•å…,ç©ºé—´-å±•é™ˆè®¾è®¡,8355 Populary,12 Comments,202 Recommended
"https://img.zcool.cn/community/0175906244932b0002c4212c6174e4.jpg?x-oss-process=image/resize,m_fill,w_520,h_390,limit_0/auto-orient,1/sharpen,100",è¿‡å¾€,æ’ç”»-åˆ›ä½œä¹ ä½œ,2.2w Populary,77 Comments,1300 Recommended
"https://img.zcool.cn/community/031ctjreim2pknegxb0w7q13137.png?x-oss-process=image/resize,m_fill,w_520,h_390,limit_0/auto-orient,1/sharpen,100",Canonä½³èƒ½ x ç«™é…·  |ã€Œé’æ˜¥ä¸“å¾®ã€ä½³èƒ½é’æ˜¥IPå½¢è±¡è®¾è®¡,å¹³é¢-IPå½¢è±¡,1.5w Populary,20 Comments,508 Recommended
"https://img.zcool.cn/community/031tfngiai2ah6sxcag1msn3537.png?x-oss-process=image/resize,m_fill,w_260,h_195,limit_0/auto-orient,1/sharpen,100",è®¾è®¡å¸ˆä¸è¿·èŒ«ï½œä¸ªäººæˆé•¿ä¹‹è·¯æ€ä¹ˆèµ°æ‰èƒ½ä¸è¸©å‘ï¼Ÿ,,å…±39å†…å®¹,å…±425å…³æ³¨,
"https://img.zcool.cn/community/031u8sxiotgamc31jaj2syl3531.png?x-oss-process=image/resize,m_fill,w_520,h_390,limit_0/auto-orient,1/sharpen,100",èŒç³»ç¬¬ä¸€è›‹ã€ŠBAD EGGã€‹,å¹³é¢-IPå½¢è±¡,7325 Populary,37 Comments,371 Recommended
"https://img.zcool.cn/community/0164c162aafafe0002c45e379358bd.jpg?x-oss-process=image/resize,m_fill,w_520,h_390,limit_0/auto-orient,1/sharpen,100",çº¢æ¥¼è¿”æ½®SHOW,å¹³é¢-IPå½¢è±¡,3.5w Populary,204 Comments,1972 Recommended
"https://img.zcool.cn/community/01db9962ba68db0002c313f7f798e1.jpg?x-oss-process=image/resize,m_fill,w_520,h_390,limit_0/auto-orient,1/sharpen,100",ADA001,å¹³é¢-IPå½¢è±¡,2292 Populary,10 Comments,89 Recommended
https://image.gogoup.com/course/20220616/1655381311249.jpg,,-,,,
"https://img.zcool.cn/community/016cff62ab00790002c45e37f16dc6.jpg?x-oss-process=image/resize,m_fill,w_520,h_390,limit_0/auto-orient,1/sharpen,100",éäººå“‰805-806,åŠ¨æ¼«-çŸ­ç¯‡/æ ¼æ¼«,1.5w Populary,68 Comments,392 Recommended
"https://img.zcool.cn/community/031awpqqjyz5vjnwhfntnx63130.png?x-oss-process=image/resize,m_fill,w_520,h_390,limit_0/auto-orient,1/sharpen,100",SAM1127ä¸¨2022è§†è§‰è®¾è®¡ä¸ªäººä½œå“é›†,UI-å…¶ä»–UI  ,3.1w Populary,146 Comments,1495 Recommended
"https://img.zcool.cn/community/031uejplb8nzphcp9tfyukh3330.png?x-oss-process=image/resize,m_fill,w_520,h_390,limit_0/auto-orient,1/sharpen,100",é™ˆæ— Ã— å´”æ ‘è”è¢‚è®¾è®¡ï½œå¾·èµ›æ–¯å…¨çƒæ——èˆ°åº—,ç©ºé—´-å•†ä¸šç©ºé—´è®¾è®¡,3922 Populary,7 Comments,43 Recommended
"https://img.zcool.cn/community/01fc4762aaf4970002c45e372b8200.jpg?x-oss-process=image/resize,m_fill,w_520,h_390,limit_0/auto-orient,1/sharpen,100",äº”æœˆçš„å°å›¾å’Œä¸CLDesignsssåˆä½œ,æ’ç”»-æ–°é”æ½®æµæ’ç”»,8608 Populary,48 Comments,476 Recommended
"https://img.zcool.cn/community/031s7cny6inudok33jx8jn93436.png?x-oss-process=image/resize,m_fill,w_520,h_390,limit_0/auto-orient,1/sharpen,100",å¤šå˜çš„çˆ±  Variable Love,æ’ç”»-å•†ä¸šæ’ç”»,8484 Populary,23 Comments,296 Recommended
"https://img.zcool.cn/community/031zymswty2xnwfoefkqrhg3238.png?x-oss-process=image/resize,m_fill,w_520,h_390,limit_0/auto-orient,1/sharpen,100",ä½œå“é›†ä¸‰å¤§æƒ‘ä¹‹ï½œå°é¢ï½œç›®å½•ï½œç®€å†,è§‚ç‚¹-å¤šé¢†åŸŸ,2.1w Populary,48 Comments,1183 Recommended
"https://img.zcool.cn/community/031qsqv8wapp7zufacootjc3732.png?x-oss-process=image/resize,m_fill,w_520,h_390,limit_0/auto-orient,1/sharpen,100",å—æ ¹å°å­/ROOT CROPS ,å¹³é¢-IPå½¢è±¡,6148 Populary,33 Comments,330 Recommended
"https://img.zcool.cn/community/031nunkhol1zaht7ycxrjlq3231.png?x-oss-process=image/resize,m_fill,w_520,h_390,limit_0/auto-orient,1/sharpen,100",å‘¨ç´¢æ–“ï¼šå…³äºç»˜æœ¬ï¼Œå­©å­éœ€è¦æ¥å—æ›´å¤šå…ƒçš„ä¸œè¥¿,è§‚ç‚¹-æ’ç”»,7931 Populary,2 Comments,47 Recommended
"https://img.zcool.cn/community/0311okpq2mbgc9yycegrj0x3938.png?x-oss-process=image/resize,m_fill,w_520,h_390,limit_0/auto-orient,1/sharpen,100",LTNC STUDIO - äº¡çµç³»åˆ—è‰ºæœ¯ç©å…·,å¹³é¢-IPå½¢è±¡,8594 Populary,41 Comments,379 Recommended
"https://img.zcool.cn/community/031lutupoljuggr2r1km7fr3136.png?x-oss-process=image/resize,m_fill,w_520,h_390,limit_0/auto-orient,1/sharpen,100",ä¸‰æ˜Ÿå † | å°˜å…‰,æ’ç”»-è‰ºæœ¯æ’ç”»,1.5w Populary,87 Comments,1681 Recommended
"https://img.zcool.cn/community/031hgnzeag3kbqgdw84bpqg3439.png?x-oss-process=image/resize,m_fill,w_520,h_390,limit_0/auto-orient,1/sharpen,100",2022-2023è®¾è®¡è¶‹åŠ¿ISUXæŠ¥å‘ŠÂ·NFTç©æ³•åº”ç”¨ç¯‡,è§‚ç‚¹-å¤šé¢†åŸŸ,8958 Populary,10 Comments,63 Recommended
"https://img.zcool.cn/community/031iyqbpoxwsljpy1chjfom3931.png?x-oss-process=image/resize,m_fill,w_520,h_390,limit_0/auto-orient,1/sharpen,100",ä¸€æ–‡è¯»æ‡‚å…ƒå®‡å®™,è§‚ç‚¹-å…¶ä»–,5800 Populary,12 Comments,54 Recommended
"https://img.zcool.cn//community/special_cover/ab606298b9970002d785c053c6cf.jpg?x-oss-process=image/resize,m_fill,w_260,h_195,limit_0/auto-orient,1/sharpen,100",ã€Œä¸å‡¡è‹±é›„ä¸å‡¡ä¼ å¥‡ã€é›ªä½›å…°-é›ªå¨æ•…äº‹åœºæ™¯è®¾è®¡å¤§èµ›,å¤§èµ›-è®¾è®¡å¤§èµ›,å…±17.5wäººæ°”,å…±202å‚ä¸,å…±140ä½œå“
"https://img.zcool.cn/community/031l1vbhhn14cdegphdu6f03835.png?x-oss-process=image/resize,m_fill,w_520,h_390,limit_0/auto-orient,1/sharpen,100",å“ç‰ŒIPå‰ç¥¥ç‰©è®¾è®¡-æµ…è°ˆIPåœ¨å•†ä¸šä¸­çš„ä»·å€¼,è§‚ç‚¹-å¹³é¢,3.8w Populary,5 Comments,241 Recommended
"https://img.zcool.cn/community/03163d062aae2b80002c313f732a793.jpg?x-oss-process=image/resize,m_fill,w_520,h_390,limit_0/auto-orient,1/sharpen,100",ã€ç™½æ¢¦å°å²›ã€‘äºŒ,æ’ç”»-åˆ›ä½œä¹ ä½œ,7475 Populary,26 Comments,327 Recommended
"https://img.zcool.cn/community/031hg9azwcdjrnu3dvbm2wf3731.png?x-oss-process=image/resize,m_fill,w_260,h_195,limit_0/auto-orient,1/sharpen,100",ä¸€æ‹›å­¦ä¼šï½œé‚£äº›â€œèŠ±é‡Œèƒ¡å“¨â€çš„è®¾è®¡ç©æ³•å…¨æ•™ä½ ,,å…±90å†…å®¹,å…±736å…³æ³¨,
"https://img.zcool.cn/community/031smiebqde1c2t5sbrb3i93832.png?x-oss-process=image/resize,m_fill,w_520,h_390,limit_0/auto-orient,1/sharpen,100",2022è±Œè±†å…¬ä¸»ã€ŒèŠ±ç«èŠ‚ã€,ä¸‰ç»´-äººç‰©/ç”Ÿç‰©,5869 Populary,6 Comments,126 Recommended
"https://img.zcool.cn/community/0315ntnppafqt8jwprfgues3639.png?x-oss-process=image/resize,m_fill,w_520,h_390,limit_0/auto-orient,1/sharpen,100",çº¯å¹²è´§ï¼è§†è§‰æµç¨‹åŸç†ï¼Œæ¯«ä¸ä¿ç•™çš„è§£æç»™ä½ å¬ï¼,æ•™ç¨‹-å¤šé¢†åŸŸ,1.3w Populary,32 Comments,271 Recommended
"https://img.zcool.cn/community/031804962aa8c3e0002c45e37c53420.jpg?x-oss-process=image/resize,m_fill,w_520,h_390,limit_0/auto-orient,1/sharpen,100",ç¾å¼å¤å¤å…¬è·¯å•†åº—è®¾è®¡ã€æ€ªå…½è®¾è®¡ã€‘,ç©ºé—´-å•†ä¸šç©ºé—´è®¾è®¡,9377 Populary,6 Comments,213 Recommended
"https://img.zcool.cn/community/031rvdazelvfotnwm86ucxe3436.png?x-oss-process=image/resize,m_fill,w_520,h_390,limit_0/auto-orient,1/sharpen,100",è£è€€&INMOTIONç”µåŠ¨æ»‘æ¿è½¦,å·¥ä¸š/äº§å“-äº¤é€šå·¥å…·,4714 Populary,23 Comments,52 Recommended
"https://img.zcool.cn/community/031evqk63l2z8mnykxyqptq3133.png?x-oss-process=image/resize,m_fill,w_520,h_390,limit_0/auto-orient,1/sharpen,100",ç©å‹å¡«ç©º | éœ²è¥å­£,ä¸‰ç»´-äº§å“,1.7w Populary,29 Comments,558 Recommended
"https://img.zcool.cn/community/031fp0vsnhjiufaigy8kfaq3530.png?x-oss-process=image/resize,m_fill,w_520,h_390,limit_0/auto-orient,1/sharpen,100",FANXIN-æŠ–éŸ³ä¸€å‡ºå¥½æˆï¼,å¹³é¢-æµ·æŠ¥,7602 Populary,19 Comments,225 Recommended
"https://img.zcool.cn/community/017ec262a92ad10002c313f7767c8c.jpg?x-oss-process=image/resize,m_fill,w_520,h_390,limit_0/auto-orient,1/sharpen,100",MasterGo IPå½¢è±¡è®¾è®¡ | MballÂ·éº¦å®,å¹³é¢-IPå½¢è±¡,1.8w Populary,44 Comments,800 Recommended
"https://img.zcool.cn/community/0319gptirngyudpizg4qpvj3334.png?x-oss-process=image/resize,m_fill,w_520,h_390,limit_0/auto-orient,1/sharpen,100",ã€ŠèŠ±å„¿ä¸å°‘å¹´Â·éœ²è¥å­£ã€‹XçŸ¥çŸ¥ ç»¼è‰ºæµ·æŠ¥,å¹³é¢-æµ·æŠ¥,1.9w Populary,47 Comments,656 Recommended
"https://img.zcool.cn/community/03196khcmunjtrl02xe6vtd3330.png?x-oss-process=image/resize,m_fill,w_520,h_390,limit_0/auto-orient,1/sharpen,100",MasterGO IPå½¢è±¡â€”â€”HoneyMiè§…å°èœ‚,å¹³é¢-IPå½¢è±¡,7656 Populary,33 Comments,181 Recommended
"https://img.zcool.cn/community/031kybztnun2kis4bgefmsg3132.png?x-oss-process=image/resize,m_fill,w_520,h_390,limit_0/auto-orient,1/sharpen,100",OGPæ¢ç´¢å·-å°„é¢‘ä»ª,ç½‘é¡µ-ç”µå•†,8780 Populary,35 Comments,351 Recommended
"https://img.zcool.cn/community/031mb7uwawnvjefpqewozbq3932.png?x-oss-process=image/resize,m_fill,w_520,h_390,limit_0/auto-orient,1/sharpen,100",æˆ‘ç»™å¤©å¤©å‘ä¸Š Newtroå…„å¼Ÿå›¢åšäº†ä¸ªå¾®ç¼©æ‘„å½±è§†é¢‘è„šæœ¬,æ‘„å½±-æ—¶å°š/è‰ºæœ¯æ‘„å½±,1.2w Populary,18 Comments,248 Recommended
"https://img.zcool.cn/community/031tlqqgdbopmpt01o8tuey3133.png?x-oss-process=image/resize,m_fill,w_520,h_390,limit_0/auto-orient,1/sharpen,100",WWDC22ï½œä»ç‹¬ç«‹å¼€å‘è€…ä¸­å‘æ˜å°è€Œç¾çš„è®¾è®¡å¥¥ç§˜,è§‚ç‚¹-å¤šé¢†åŸŸ,1.2w Populary,28 Comments,198 Recommended
"https://img.zcool.cn/community/031pzljc6ngoznjcojacu1o3632.png?x-oss-process=image/resize,m_fill,w_520,h_390,limit_0/auto-orient,1/sharpen,100",2022-2023è®¾è®¡è¶‹åŠ¿æŠ¥å‘Šï¼šåä½œäº§å“ç¯‡,è§‚ç‚¹-å¤šé¢†åŸŸ,1.1w Populary,3 Comments,74 Recommended
"https://img.zcool.cn/community/031ym0dryp1d1rh2evbxaet3332.png?x-oss-process=image/resize,m_fill,w_520,h_390,limit_0/auto-orient,1/sharpen,100",ã€ŠNew Life - æ–°ç”Ÿã€‹,ä¸‰ç»´-åŠ¨ç”»/å½±è§†,1.3w Populary,30 Comments,342 Recommended
"https://img.zcool.cn/community/031t6viwzbhrp5nuwftomx93433.png?x-oss-process=image/resize,m_fill,w_520,h_390,limit_0/auto-orient,1/sharpen,100",24èŠ‚æ°”æ’ç”»åˆé›†,æ’ç”»-å•†ä¸šæ’ç”»,1.8w Populary,56 Comments,793 Recommended
"https://img.zcool.cn/community/031qjb1myt0rxtaykx3gaxb3632.png?x-oss-process=image/resize,m_fill,w_520,h_390,limit_0/auto-orient,1/sharpen,100",ã€Šç‹è€…è£è€€ã€‹ç‹„ä»æ°æ˜Ÿä¼ è¯´æµ·æŠ¥ç»˜ç”»è¿‡ç¨‹,æ’ç”»-å•†ä¸šæ’ç”»,1.2w Populary,40 Comments,292 Recommended
"https://img.zcool.cn/community/0311sdn2a2czdply6o7lwcu3631.png?x-oss-process=image/resize,m_fill,w_520,h_390,limit_0/auto-orient,1/sharpen,100",æ…§ç¤ºçŸ­ç„¦æŠ•å½±ä»ªè®¾è®¡ç­–åˆ’åˆ†äº«,ç½‘é¡µ-ä¼ä¸šå®˜ç½‘,1.7w Populary,63 Comments,385 Recommended
"https://img.zcool.cn/community/031upub8rui5cc9omklwcjc3036.png?x-oss-process=image/resize,m_fill,w_520,h_390,limit_0/auto-orient,1/sharpen,100",Masked boy.Emotion?,ä¸‰ç»´-äººç‰©/ç”Ÿç‰©,2.7w Populary,136 Comments,1642 Recommended
"https://img.zcool.cn/community/031add9zui1xqtq7xabdiuk3839.png?x-oss-process=image/resize,m_fill,w_520,h_390,limit_0/auto-orient,1/sharpen,100",è¿‘æœŸæ’ç”»ï½œå¤œæ—…äºº,æ’ç”»-è‰ºæœ¯æ’ç”»,7796 Populary,23 Comments,484 Recommended
"https://img.zcool.cn/community/03135rmdddktmihlyajx0ho3932.png?x-oss-process=image/resize,m_fill,w_520,h_390,limit_0/auto-orient,1/sharpen,100",åäºŒä¿Šä¿æœºè½¦å®¢ (Twelve Chinese Zodiac Signs),æ’ç”»-æ–°é”æ½®æµæ’ç”»,4826 Populary,75 Comments,230 Recommended
"https://img.zcool.cn/community/0315btojcz8tgjtsd868h5t3737.png?x-oss-process=image/resize,m_fill,w_520,h_390,limit_0/auto-orient,1/sharpen,100",èƒ¶å›Šç”µåŠ¨ç‰™åˆ· | é¦–åˆ›å†…ç½®ç”µåŠ¨ç‰™è† DIMMIæŠ€æœ¯,å·¥ä¸š/äº§å“-ç”µå­äº§å“,1.1w Populary,44 Comments,290 Recommended
"https://img.zcool.cn/community/031m7udya20syhiuxj2f6ll3338.png?x-oss-process=image/resize,m_fill,w_520,h_390,limit_0/auto-orient,1/sharpen,100",Onmyoji Ã— moge.tv | èŒ¨çƒçš„ä¹é˜ŸÃ—SPè¾‰å¤œå§¬,å½±è§†-çŸ­ç‰‡,5630 Populary,5 Comments,109 Recommended
"https://img.zcool.cn/community/031gjsyg3taexyyjhnjxbor3630.png?x-oss-process=image/resize,m_fill,w_520,h_390,limit_0/auto-orient,1/sharpen,100",8 ä¸ªæ­¥éª¤å¤ç›˜çˆ†æ¬¾ QQã€ŒARç¿…è†€ç‰¹æ•ˆã€çš„è®¾è®¡è¿‡ç¨‹,æ•™ç¨‹-å¤šé¢†åŸŸ,9160 Populary,9 Comments,136 Recommended
"https://img.zcool.cn/community/031yphoxgaxlrwuabcpb1de3339.png?x-oss-process=image/resize,m_fill,w_520,h_390,limit_0/auto-orient,1/sharpen,100",Unbelievableï¼é¡ºä¸°é€Ÿè¿ä¸ºç”¨æˆ·è®¾è®¡äº†18ç§å¯„ä»¶æ–¹å¼ï¼,è§‚ç‚¹-UI,1.0w Populary,20 Comments,123 Recommended
https://img.zcool.cn//community/special_cover/2f2c628b2eb40002d720d039692a.jpg,è¯„è®ºåŒºã€Œé…·è¨€é…·è¯­ã€å¤§èµ›ï¼Œçˆ±è¯„ä¹Ÿèƒ½èµ¢ï¼- ç«™é…·ï¼ˆZCOOLï¼‰,ä¸“é¢˜-ä¸“é¢˜ç­–åˆ’,å…±1.9wäººæ°”,,
"https://img.zcool.cn/community/0310tajaljr37vihyi0o4mg3636.png?x-oss-process=image/resize,m_fill,w_520,h_390,limit_0/auto-orient,1/sharpen,100",ã€Œå¾®æœ&å¤šå·´èƒºè®¾è®¡ã€å¾®æœæŠ•å½±æ–°å“è§†è§‰è®¾è®¡,ä¸‰ç»´-åŠ¨ç”»/å½±è§†,1.5w Populary,24 Comments,508 Recommended
"https://img.zcool.cn/community/031dxp0glhrylwwf6jup9pu3431.png?x-oss-process=image/resize,m_fill,w_520,h_390,limit_0/auto-orient,1/sharpen,100",LOGO,å¹³é¢-Logo,1.5w Populary,43 Comments,370 Recommended
"https://img.zcool.cn/community/031enoulfruzdgqsno7cndg3531.png?x-oss-process=image/resize,m_fill,w_520,h_390,limit_0/auto-orient,1/sharpen,100",ä½œå“é›†é«˜é¢‘é—®é¢˜ï¼šä½ éœ€äº†è§£çš„8å¤§å‘ç‚¹,UI-APPç•Œé¢,2.0w Populary,28 Comments,432 Recommended
"https://img.zcool.cn/community/031cxbqxvgca1po4elvbjpv3830.png?x-oss-process=image/resize,m_fill,w_520,h_390,limit_0/auto-orient,1/sharpen,100",ç¾çš„å¹é£æœºè¯¦æƒ…è§†è§‰å…¨æ¡ˆåˆ†äº«,ç½‘é¡µ-ç”µå•†,1.5w Populary,54 Comments,453 Recommended
"https://img.zcool.cn/community/031v73d5oee1puymzxvdm2u3033.png?x-oss-process=image/resize,m_fill,w_520,h_390,limit_0/auto-orient,1/sharpen,100",å…‰æŸæ¸¸æˆ - RAyinGallery,ç©ºé—´-å•†ä¸šç©ºé—´è®¾è®¡,5519 Populary,14 Comments,86 Recommended
"https://img.zcool.cn/community/016c4062a853c90002c45e3736ceac.jpg?x-oss-process=image/resize,m_fill,w_520,h_390,limit_0/auto-orient,1/sharpen,100",æœ‰æˆ‘é™ªä½ é•¿å¤§/60å¤©è‰²å½©é€Ÿæ¶‚,æ’ç”»-åˆ›ä½œä¹ ä½œ,1.8w Populary,81 Comments,704 Recommended
"https://img.zcool.cn/community/031erxzw87lmxfi3gk47pgq3837.png?x-oss-process=image/resize,m_fill,w_520,h_390,limit_0/auto-orient,1/sharpen,100",æœªæ¥è†œæœ¯â–²æœªæ¥æŠ¤è‚¤æ–°ä½“éªŒ,å¹³é¢-å“ç‰Œ,1.2w Populary,58 Comments,334 Recommended
"https://img.zcool.cn/community/031kcnwavyblv9msvxuoe7m3332.png?x-oss-process=image/resize,m_fill,w_520,h_390,limit_0/auto-orient,1/sharpen,100",ã€Šè”æœ¨LIMMã€‹å“ç‰Œè®¾è®¡-èº«ä½“ä¸è‡ªç„¶é—´çš„å¯†ç ç§è¯­,å¹³é¢-å“ç‰Œ,1.5w Populary,22 Comments,402 Recommended
"https://img.zcool.cn/community/0313a9462a8344e0002c313f73c433b.jpg?x-oss-process=image/resize,m_fill,w_520,h_390,limit_0/auto-orient,1/sharpen,100",HG Nightingale Full Frame Plus,ä¸‰ç»´-æœºæ¢°/äº¤é€š,7181 Populary,59 Comments,219 Recommended
"https://img.zcool.cn/community/031rwlkxgglfgf3buksma2x3134.png?x-oss-process=image/resize,m_fill,w_520,h_390,limit_0/auto-orient,1/sharpen,100",ç”¨è®¾è®¡å‹¾å‹’çœŸç›¸çš„å½¢çŠ¶ | ç«™é…·ä¸“è®¿æ¸…åç¾é™¢å‘å¸†,è§‚ç‚¹-å¹³é¢,7602 Populary,23 Comments,89 Recommended
"https://img.zcool.cn/community/031gbgtfqvnc1iapeunbaj53632.png?x-oss-process=image/resize,m_fill,w_520,h_390,limit_0/auto-orient,1/sharpen,100",ç»™ä½ ä»½åŠ¨æ•ˆè®¾è®¡æŒ‡å—ï¼ˆä¸Šï¼‰,è§‚ç‚¹-å¤šé¢†åŸŸ,1.0w Populary,24 Comments,591 Recommended
"https://img.zcool.cn//community/activity_cover/ba93628d96910002d76b0f97aec1.jpg?x-oss-process=image/resize,m_fill,w_260,h_195,limit_0/auto-orient,1/sharpen,100",æ”¶é›†å¤æ—¥é™å®šæµªæ¼« å¤æ—¥ã€Œæ’ç”»ã€æŒ‘æˆ˜,æ´»åŠ¨-çº¿ä¸Šæ´»åŠ¨,å…±2.5wäººæ°”,å…±538ä½œå“,å…±208æ¨è
"https://img.zcool.cn/community/031it67xhrqahmouhfcacd33536.png?x-oss-process=image/resize,m_fill,w_520,h_390,limit_0/auto-orient,1/sharpen,100",æœ¬ç”°å‹æ ¼åŒé—¨è½¿è·‘è½¦æ–°è½¦é¢„è§ˆ,å·¥ä¸š/äº§å“-äº¤é€šå·¥å…·,6832 Populary,19 Comments,137 Recommended
"https://img.zcool.cn/community/031case0szw8lla9tblrthw3033.png?x-oss-process=image/resize,m_fill,w_520,h_390,limit_0/auto-orient,1/sharpen,100",Audi R8-----Corona,ä¸‰ç»´-æœºæ¢°/äº¤é€š,1.1w Populary,84 Comments,425 Recommended
"https://img.zcool.cn/community/031lszwimnqerkrlawfylkw3930.png?x-oss-process=image/resize,m_fill,w_520,h_390,limit_0/auto-orient,1/sharpen,100",Aiken Spring,æ‘„å½±-å…¶ä»–æ‘„å½±,6600 Populary,7 Comments,224 Recommended
"https://img.zcool.cn/community/018ca862a7f56b0002c313f7f3e04e.jpg?x-oss-process=image/resize,m_fill,w_520,h_390,limit_0/auto-orient,1/sharpen,100",æ¸¸æˆæ¦‚å¿µè®¾å®š SankToys x Mini Royale:Nations,ä¸‰ç»´-äººç‰©/ç”Ÿç‰©,6638 Populary,19 Comments,123 Recommended
"https://img.zcool.cn/community/031udq3qbcxufmjgwdhz7ft3232.png?x-oss-process=image/resize,m_fill,w_520,h_390,limit_0/auto-orient,1/sharpen,100",iPadæ—¥ç»˜365å¤©æŒ‘æˆ˜D365/365(0319-0426),æ’ç”»-ç»˜æœ¬,1.0w Populary,23 Comments,374 Recommended
"https://img.zcool.cn/community/031gr5o64rknjo1i7kj9ot43335.png?x-oss-process=image/resize,m_fill,w_520,h_390,limit_0/auto-orient,1/sharpen,100",ã€ŒJOLIYOYO å·§åŠ›ä¼˜ã€å“ç‰Œå…¨æ¡ˆ|ç¾æ½®æ¡ˆä¾‹,å¹³é¢-å“ç‰Œ,7019 Populary,29 Comments,281 Recommended
"https://img.zcool.cn/community/031amwpi41khlyteoi4zuaj3736.png?x-oss-process=image/resize,m_fill,w_520,h_390,limit_0/auto-orient,1/sharpen,100",ç†æƒ³å›½ã€Šå¼„è™šä½œå‡çš„è‰ºæœ¯ã€‹å®šåˆ¶æ–‡åˆ›,å¹³é¢-å®£ä¼ ç‰©æ–™,1.1w Populary,15 Comments,268 Recommended
"https://img.zcool.cn/community/0171b762a737000002c313f7f043c0.jpg?x-oss-process=image/resize,m_fill,w_520,h_390,limit_0/auto-orient,1/sharpen,100",æ— å£°çš„CBD,æ‘„å½±-äººæ–‡/çºªå®æ‘„å½±,7518 Populary,13 Comments,193 Recommended
"https://img.zcool.cn/community/031c1me0qxz0mc2t4v3yvwl3931.png?x-oss-process=image/resize,m_fill,w_520,h_390,limit_0/auto-orient,1/sharpen,100",è®¾è®¡è¦çŸ¥é“ï¼-è½¦è½½äººæœºäº¤äº’è¯¦è§£,UI-APPç•Œé¢,6849 Populary,8 Comments,112 Recommended
"https://img.zcool.cn/community/01d2b062a66b1b0002c45e37e94db3.jpg?x-oss-process=image/resize,m_fill,w_520,h_390,limit_0/auto-orient,1/sharpen,100",MasterGo IPè®¾è®¡-éº¦å’»,å¹³é¢-IPå½¢è±¡,1.4w Populary,37 Comments,465 Recommended
"https://img.zcool.cn/community/031vghh8puzgn4lkyaacc6q3332.png?x-oss-process=image/resize,m_fill,w_520,h_390,limit_0/auto-orient,1/sharpen,100",å®‡å®™æ³¢ x å¤ªç©ºååä¼š,å¹³é¢-IPå½¢è±¡,7.8w Populary,122 Comments,2758 Recommended
"https://img.zcool.cn/community/014d0762a7032a0002c45e377b3c6b.jpg?x-oss-process=image/resize,m_fill,w_520,h_390,limit_0/auto-orient,1/sharpen,100",å½“ä»£å¹´è½»äººæ‘„åƒå¤´ä¸‹çš„çè´µå½±åƒ,åŠ¨æ¼«-çŸ­ç¯‡/æ ¼æ¼«,3.9w Populary,253 Comments,968 Recommended
"https://img.zcool.cn/community/031d27d62a569760002c313f714bd2b.jpg?x-oss-process=image/resize,m_fill,w_520,h_390,limit_0/auto-orient,1/sharpen,100",å½¢è‰²å„å¼‚ç¯®çƒåœº,æ‘„å½±-ç¯å¢ƒ/å»ºç­‘æ‘„å½±,8753 Populary,21 Comments,234 Recommended
"https://img.zcool.cn/community/031xeh35cqeujjbjinm9skx3634.png?x-oss-process=image/resize,m_fill,w_520,h_390,limit_0/auto-orient,1/sharpen,100",UIè®¾è®¡-ä»å…¥é—¨åˆ°å¤±æ‹,è§‚ç‚¹-å¤šé¢†åŸŸ,1.9w Populary,17 Comments,277 Recommended
"https://img.zcool.cn/community/031cvwfrkg4vnqgpcbtqzde3037.png?x-oss-process=image/resize,m_fill,w_520,h_390,limit_0/auto-orient,1/sharpen,100",ä½ ä»¬ä¸çŸ¥é“ï¼Œæˆ‘ä¸ºäº†ä¿æŒä½ ä»¬å¯¹ç”Ÿæ´»çš„æœŸå¾…æœ‰å¤šåŠªåŠ›,åŠ¨æ¼«-ä¸­/é•¿ç¯‡æ¼«ç”»,2.0w Populary,43 Comments,685 Recommended
"https://img.zcool.cn/community/031omzhhv1jwbguiofifrcn3733.png?x-oss-process=image/resize,m_fill,w_520,h_390,limit_0/auto-orient,1/sharpen,100",ã€Šæ¢¦å¹»è¥¿æ¸¸ã€‹æ–°å“ç‰Œæ¦‚å¿µé¦–çˆ†å…ˆå¯¼ç‰‡,å½±è§†-å®£ä¼ ç‰‡,1.1w Populary,23 Comments,82 Recommended
"https://img.zcool.cn/community/031rkmxvmxmuvmauhdmbvts3831.png?x-oss-process=image/resize,m_fill,w_520,h_390,limit_0/auto-orient,1/sharpen,100",ä¸Šæµ·å±…å®¶çš„ä¸¤ä¸ªå¤šæœˆç”»äº†è¶…è¿‡å…­åä¸ªä¸åŒçš„å¤§ç™½,æ’ç”»-è‰ºæœ¯æ’ç”»,1.9w Populary,42 Comments,404 Recommended
"https://img.zcool.cn/community/031uokwxc17y8dtpdc673og3737.png?x-oss-process=image/resize,m_fill,w_520,h_390,limit_0/auto-orient,1/sharpen,100",æ— æ³•èå…¥ä¹Œåˆä¹‹ä¼—ï¼Œé‚£å°±å½“ä¸€ä¸ªå¦ç±»çš„å°ä¼—è€…ã€‚,åŠ¨æ¼«-åŠ¨ç”»ç‰‡,1.8w Populary,183 Comments,1097 Recommended
"https://img.zcool.cn/community/0314eovsghbcbq59naklvm73836.png?x-oss-process=image/resize,m_fill,w_520,h_390,limit_0/auto-orient,1/sharpen,100",æ¼«ç”»æ•¦ç…Œ,åŠ¨æ¼«-ä¸­/é•¿ç¯‡æ¼«ç”»,7824 Populary,23 Comments,345 Recommended
"https://img.zcool.cn/community/031hei42q6v0hxkhsup4wge3135.png?x-oss-process=image/resize,m_fill,w_520,h_390,limit_0/auto-orient,1/sharpen,100",å—·~æˆ‘æ˜¯æ£˜é¾™,æ’ç”»-åˆ›ä½œä¹ ä½œ,6574 Populary,45 Comments,285 Recommended
"https://img.zcool.cn/community/031pn4wboko094ebduwphqv3836.png?x-oss-process=image/resize,m_fill,w_520,h_390,limit_0/auto-orient,1/sharpen,100",è¯¦æƒ…é¡µ-é€‰é›†,ç½‘é¡µ-ç”µå•†,1.3w Populary,94 Comments,315 Recommended
"https://img.zcool.cn/community/031amypx7wrvisf9bvqxbcs3139.png?x-oss-process=image/resize,m_fill,w_520,h_390,limit_0/auto-orient,1/sharpen,100",è¿‘æœŸæ’ç”»åˆé›†â”‚å•†ä¸š+ä¸ªäºº,æ’ç”»-å•†ä¸šæ’ç”»,8399 Populary,52 Comments,318 Recommended
"https://img.zcool.cn/community/031gbio1l4qrsenrwdd96j03737.png?x-oss-process=image/resize,m_fill,w_520,h_390,limit_0/auto-orient,1/sharpen,100",çˆ±å¥‡è‰ºå¤æ—¥FUNè‚†çœ‹-ã€è¶…çº§ç¦åˆ©èŠ‚æ´»åŠ¨ã€‘è§†è§‰è®¾è®¡,UI-ä¸»é¢˜/çš®è‚¤,1.1w Populary,102 Comments,686 Recommended
"https://img.zcool.cn/community/0316jsz1h6ob3dvavoicqgk3839.png?x-oss-process=image/resize,m_fill,w_520,h_390,limit_0/auto-orient,1/sharpen,100",è§£æï½œå¦‚ä½•è®¾è®¡ä¸€å¼ ä¹¦ç±å°é¢ï¼Ÿ,è§‚ç‚¹-å¹³é¢,1.1w Populary,47 Comments,197 Recommended
"https://img.zcool.cn/community/031bslkyfapcqr9xxqnjx4l3939.png?x-oss-process=image/resize,m_fill,w_520,h_390,limit_0/auto-orient,1/sharpen,100",2022 å¹´ UXUI è®¾è®¡è¶‹åŠ¿,è§‚ç‚¹-UI,5831 Populary,2 Comments,54 Recommended
"https://img.zcool.cn/community/031k3i9brduud6kxidnuu8r3939.png?x-oss-process=image/resize,m_fill,w_520,h_390,limit_0/auto-orient,1/sharpen,100",ã€UXä½œå“é›†ã€‘æ•…äº‹å‹è„‰ç»œï¼Œè®©ä½œå“é›†æ›´æœ‰é€»è¾‘,è§‚ç‚¹-å¤šé¢†åŸŸ,6346 Populary,17 Comments,141 Recommended
"https://img.zcool.cn/community/0173f162a5e5a30002c313f7364b81.jpg?x-oss-process=image/resize,m_fill,w_520,h_390,limit_0/auto-orient,1/sharpen,100",ã€Šé™ªå­©å­è¯»å±±æµ·ç»ã€‹ä¸‰,æ’ç”»-ç»˜æœ¬,8221 Populary,21 Comments,347 Recommended
"https://img.zcool.cn/community/016b2f62a6af2c0002c45e37855726.jpg?x-oss-process=image/resize,m_fill,w_520,h_390,limit_0/auto-orient,1/sharpen,100",D.N.T/åœæ­¢æ€è€ƒ-é™¸,æ’ç”»-æ–°é”æ½®æµæ’ç”»,8777 Populary,24 Comments,401 Recommended
"https://img.zcool.cn/community/031vpnl5bw8vntth3dd0nsy3635.png?x-oss-process=image/resize,m_fill,w_520,h_390,limit_0/auto-orient,1/sharpen,100",2022-2023è®¾è®¡è¶‹åŠ¿ISUXæŠ¥å‘ŠÂ· NFTè™šæ‹Ÿæ—¶è£…ç¯‡,è§‚ç‚¹-å¤šé¢†åŸŸ,7821 Populary,10 Comments,77 Recommended
"https://img.zcool.cn/community/031x1ayauuvgdyrqfiuumu33339.png?x-oss-process=image/resize,m_fill,w_520,h_390,limit_0/auto-orient,1/sharpen,100",ç‹è€…è£è€€ - è‰¾ç³å¥‡é‡èˆç« çš®è‚¤CGåŠ¨ç”»,ä¸‰ç»´-åŠ¨ç”»/å½±è§†,9562 Populary,11 Comments,187 Recommended
"https://img.zcool.cn/community/031epp2zqupifaovsyts1yr3735.png?x-oss-process=image/resize,m_fill,w_520,h_390,limit_0/auto-orient,1/sharpen,100",ä¼Šåˆ©æ¯ç›Šæ·»2022å…¨æ–°å‡çº§,ä¸‰ç»´-åŠ¨ç”»/å½±è§†,7558 Populary,15 Comments,198 Recommended
"https://img.zcool.cn/community/031omuajfroi5yytiiu15ia3235.png?x-oss-process=image/resize,m_fill,w_520,h_390,limit_0/auto-orient,1/sharpen,100",æ ‡ç­¾æœºè®¾è®¡-ç²¾è‡£å‡¡ç•ŒB1,å·¥ä¸š/äº§å“-ç”µå­äº§å“,5608 Populary,18 Comments,71 Recommended
"https://img.zcool.cn/community/031v8scm8g4w2ns3dfsyq333630.png?x-oss-process=image/resize,m_fill,w_520,h_390,limit_0/auto-orient,1/sharpen,100",oÃ¨ æ–°å“ | æ— çƒŸç»ç’ƒç©ºç‚¸ï¼Œé‚‚é€…èšé¤çš„ç¾å¥½æ—¶å…‰,å·¥ä¸š/äº§å“-ç”Ÿæ´»ç”¨å“,5717 Populary,12 Comments,94 Recommended
"https://img.zcool.cn/community/031l5ngh4a2vo7opjdmjjmk3837.png?x-oss-process=image/resize,m_fill,w_520,h_390,limit_0/auto-orient,1/sharpen,100",ONE PIECE - ç™¾æˆÂ·å‡¯å¤š KAIDO SENSEI | é™å®šé›•åƒ,ä¸‰ç»´-äººç‰©/ç”Ÿç‰©,1.2w Populary,78 Comments,380 Recommended
"https://img.zcool.cn/community/031eoxggr88hjflq7qfgop83233.png?x-oss-process=image/resize,m_fill,w_520,h_390,limit_0/auto-orient,1/sharpen,100",miniç›¸æœºç£å¸æ— çº¿å……ç”µå®,å·¥ä¸š/äº§å“-ç”Ÿæ´»ç”¨å“,1.1w Populary,28 Comments,308 Recommended
"https://img.zcool.cn/community/031dbk3snri7s9gcdoykky53339.png?x-oss-process=image/resize,m_fill,w_520,h_390,limit_0/auto-orient,1/sharpen,100",loyotype å“ç‰Œè§†è§‰å‡çº§,å¹³é¢-å“ç‰Œ,1.3w Populary,22 Comments,176 Recommended
"https://img.zcool.cn/community/0198e562a5a4f30002c45e377f64c8.jpg?x-oss-process=image/resize,m_fill,w_520,h_390,limit_0/auto-orient,1/sharpen,100",LandScape Society / æ™¯è§‚ç¤¾ä¼š RisoZine Design,å¹³é¢-å…¶ä»–å¹³é¢,6477 Populary,2 Comments,71 Recommended
